-- phpMyAdmin SQL Dump
-- version 5.2.0
-- https://www.phpmyadmin.net/
--
-- Хост: 127.0.0.1:3306
-- Время создания: Янв 30 2023 г., 12:40
-- Версия сервера: 5.7.39
-- Версия PHP: 7.4.30

SET SQL_MODE = "NO_AUTO_VALUE_ON_ZERO";
START TRANSACTION;
SET time_zone = "+00:00";


/*!40101 SET @OLD_CHARACTER_SET_CLIENT=@@CHARACTER_SET_CLIENT */;
/*!40101 SET @OLD_CHARACTER_SET_RESULTS=@@CHARACTER_SET_RESULTS */;
/*!40101 SET @OLD_COLLATION_CONNECTION=@@COLLATION_CONNECTION */;
/*!40101 SET NAMES utf8mb4 */;

--
-- База данных: `corporative`
--

-- --------------------------------------------------------

--
-- Структура таблицы `dialogs`
--

CREATE TABLE `dialogs` (
  `id` bigint(20) UNSIGNED NOT NULL,
  `user_id` bigint(20) UNSIGNED NOT NULL,
  `reciver_id` bigint(20) UNSIGNED NOT NULL
) ENGINE=InnoDB DEFAULT CHARSET=utf8mb4 COLLATE=utf8mb4_unicode_ci;

--
-- Дамп данных таблицы `dialogs`
--

INSERT INTO `dialogs` (`id`, `user_id`, `reciver_id`) VALUES
(1, 2, 1),
(2, 1, 2);

-- --------------------------------------------------------

--
-- Структура таблицы `failed_jobs`
--

CREATE TABLE `failed_jobs` (
  `id` bigint(20) UNSIGNED NOT NULL,
  `uuid` varchar(255) COLLATE utf8mb4_unicode_ci NOT NULL,
  `connection` text COLLATE utf8mb4_unicode_ci NOT NULL,
  `queue` text COLLATE utf8mb4_unicode_ci NOT NULL,
  `payload` longtext COLLATE utf8mb4_unicode_ci NOT NULL,
  `exception` longtext COLLATE utf8mb4_unicode_ci NOT NULL,
  `failed_at` timestamp NOT NULL DEFAULT CURRENT_TIMESTAMP
) ENGINE=InnoDB DEFAULT CHARSET=utf8mb4 COLLATE=utf8mb4_unicode_ci;

-- --------------------------------------------------------

--
-- Структура таблицы `files`
--

CREATE TABLE `files` (
  `id` bigint(20) UNSIGNED NOT NULL,
  `file` text COLLATE utf8mb4_unicode_ci NOT NULL,
  `folder_id` bigint(20) UNSIGNED NOT NULL,
  `name` varchar(255) COLLATE utf8mb4_unicode_ci DEFAULT NULL
) ENGINE=InnoDB DEFAULT CHARSET=utf8mb4 COLLATE=utf8mb4_unicode_ci;

--
-- Дамп данных таблицы `files`
--

INSERT INTO `files` (`id`, `file`, `folder_id`, `name`) VALUES
(6, 'folders/1/1674539161.docx', 2, '2.docx');

-- --------------------------------------------------------

--
-- Структура таблицы `folders`
--

CREATE TABLE `folders` (
  `id` bigint(20) UNSIGNED NOT NULL,
  `name` varchar(255) COLLATE utf8mb4_unicode_ci NOT NULL,
  `level` int(11) NOT NULL,
  `parent` int(11) NOT NULL DEFAULT '0'
) ENGINE=InnoDB DEFAULT CHARSET=utf8mb4 COLLATE=utf8mb4_unicode_ci;

--
-- Дамп данных таблицы `folders`
--

INSERT INTO `folders` (`id`, `name`, `level`, `parent`) VALUES
(2, 'папка 1', 1, 0),
(3, 'новая папка', 1, 0),
(4, 'новая папка', 2, 2);

-- --------------------------------------------------------

--
-- Структура таблицы `messages`
--

CREATE TABLE `messages` (
  `id` bigint(20) UNSIGNED NOT NULL,
  `message` text COLLATE utf8mb4_unicode_ci NOT NULL,
  `sender_id` bigint(20) UNSIGNED NOT NULL,
  `reciver_id` bigint(20) UNSIGNED NOT NULL,
  `created_at` timestamp NULL DEFAULT NULL,
  `updated_at` timestamp NULL DEFAULT NULL,
  `type` varchar(255) COLLATE utf8mb4_unicode_ci NOT NULL DEFAULT 'text'
) ENGINE=InnoDB DEFAULT CHARSET=utf8mb4 COLLATE=utf8mb4_unicode_ci;

--
-- Дамп данных таблицы `messages`
--

INSERT INTO `messages` (`id`, `message`, `sender_id`, `reciver_id`, `created_at`, `updated_at`, `type`) VALUES
(1, '640434180.460614754', 1, 1, '2023-01-27 06:26:49', '2023-01-27 06:26:49', 'text'),
(2, '640434180.460614754', 1, 1, '2023-01-27 06:27:09', '2023-01-27 06:27:09', 'text'),
(3, '640434180.460614754', 1, 1, '2023-01-27 06:27:12', '2023-01-27 06:27:12', 'text'),
(4, '640434180.460614754', 1, 2, '2023-01-27 06:27:17', '2023-01-27 06:27:17', 'text'),
(5, '640434180.460614754', 2, 2, '2023-01-27 06:27:49', '2023-01-27 06:27:49', 'text'),
(6, '640434180.460614754', 2, 2, '2023-01-27 06:28:00', '2023-01-27 06:28:00', 'text'),
(7, '640434180.460614754', 2, 1, '2023-01-27 06:28:06', '2023-01-27 06:28:06', 'text'),
(8, '640434180.460614754', 2, 1, '2023-01-27 06:28:19', '2023-01-27 06:28:19', 'text'),
(9, '640434180.460614754', 2, 1, '2023-01-27 06:28:39', '2023-01-27 06:28:39', 'text'),
(10, '640434180.460614754', 2, 1, '2023-01-27 06:28:44', '2023-01-27 06:28:44', 'text'),
(11, '640434180.460614754', 2, 1, '2023-01-27 06:28:47', '2023-01-27 06:28:47', 'text'),
(12, '640434180.460614754', 2, 1, '2023-01-27 06:29:10', '2023-01-27 06:29:10', 'text'),
(13, '640434180.460614754', 2, 1, '2023-01-27 06:29:15', '2023-01-27 06:29:15', 'text'),
(14, '640434180.460614754', 2, 1, '2023-01-27 06:29:40', '2023-01-27 06:29:40', 'text'),
(15, '640434180.460614754', 2, 1, '2023-01-27 06:29:52', '2023-01-27 06:29:52', 'text'),
(16, '640434180.460614754', 2, 1, '2023-01-27 06:30:24', '2023-01-27 06:30:24', 'text'),
(17, '640434180.460614754', 2, 1, '2023-01-27 06:30:59', '2023-01-27 06:30:59', 'text'),
(18, '640434180.460614754', 2, 1, '2023-01-27 06:31:05', '2023-01-27 06:31:05', 'text'),
(19, '640434180.460614754', 2, 1, '2023-01-27 06:31:39', '2023-01-27 06:31:39', 'text'),
(20, '640434180.460614754', 2, 1, '2023-01-27 06:31:56', '2023-01-27 06:31:56', 'text'),
(21, '640434180.460614754', 2, 1, '2023-01-27 06:31:59', '2023-01-27 06:31:59', 'text'),
(22, '640434180.460614754', 2, 1, '2023-01-27 06:32:07', '2023-01-27 06:32:07', 'text'),
(23, '640434180.460614754', 2, 1, '2023-01-27 06:32:46', '2023-01-27 06:32:46', 'text'),
(24, '640434180.460614754', 2, 1, '2023-01-27 07:06:11', '2023-01-27 07:06:11', 'text'),
(25, '640434180.460614754', 2, 1, '2023-01-27 07:06:17', '2023-01-27 07:06:17', 'text'),
(26, '640434180.460614754', 2, 1, '2023-01-27 09:22:10', '2023-01-27 09:22:10', 'text'),
(27, '640434180.460614754', 2, 1, '2023-01-27 09:22:29', '2023-01-27 09:22:29', 'text'),
(28, '640434180.460614754', 2, 1, '2023-01-27 09:23:26', '2023-01-27 09:23:26', 'text'),
(29, '640434180.460614754', 2, 1, '2023-01-27 09:26:06', '2023-01-27 09:26:06', 'text'),
(30, '640434180.460614754', 2, 1, '2023-01-27 09:27:04', '2023-01-27 09:27:04', 'text'),
(31, 'eawd', 2, 1, '2023-01-27 09:27:15', '2023-01-27 09:27:15', 'text'),
(32, 'eawd', 2, 1, '2023-01-27 09:28:19', '2023-01-27 09:28:19', 'text'),
(33, 'eawd', 2, 1, '2023-01-27 09:29:36', '2023-01-27 09:29:36', 'text'),
(34, 'eawd', 2, 1, '2023-01-27 09:30:01', '2023-01-27 09:30:01', 'text'),
(35, 'eawd', 2, 1, '2023-01-27 09:30:04', '2023-01-27 09:30:04', 'text'),
(36, 'tiger', 2, 1, '2023-01-27 09:30:28', '2023-01-27 09:30:28', 'text'),
(37, 'tiger', 2, 1, '2023-01-28 02:44:15', '2023-01-28 02:44:15', 'text'),
(38, 'tigeasdsadr', 2, 1, '2023-01-28 02:44:20', '2023-01-28 02:44:20', 'text'),
(39, 'tigeasdsadr', 2, 1, '2023-01-28 02:47:05', '2023-01-28 02:47:05', 'text'),
(40, 'tigeasdsadr', 2, 1, '2023-01-28 03:09:33', '2023-01-28 03:09:33', 'text'),
(41, 'tigeasdsadr', 2, 1, '2023-01-28 03:10:11', '2023-01-28 03:10:11', 'text'),
(42, 'tigeasdsadr', 2, 1, '2023-01-28 03:10:59', '2023-01-28 03:10:59', 'text'),
(43, 'tigeasdsadr', 2, 1, '2023-01-28 03:13:57', '2023-01-28 03:13:57', 'text'),
(44, 'hello', 2, 1, '2023-01-28 03:14:09', '2023-01-28 03:14:09', 'text'),
(45, 'chat/2-1/1674886495.png', 2, 1, '2023-01-28 03:14:55', '2023-01-28 03:14:55', 'text'),
(46, 'chat/2-1/1674886655.png', 2, 1, '2023-01-28 03:17:35', '2023-01-28 03:17:35', 'image'),
(47, 'ads', 1, 2, '2023-01-28 03:40:45', '2023-01-28 03:40:45', 'text'),
(48, 'ads', 1, 2, '2023-01-28 03:40:46', '2023-01-28 03:40:46', 'text'),
(49, 'ads', 1, 2, '2023-01-28 03:40:46', '2023-01-28 03:40:46', 'text'),
(50, 'asdasd', 1, 2, '2023-01-28 03:42:04', '2023-01-28 03:42:04', 'text'),
(51, 'asdasdasdasd', 1, 2, '2023-01-28 03:42:08', '2023-01-28 03:42:08', 'text'),
(52, 'asdasdasdasd', 1, 2, '2023-01-28 03:42:15', '2023-01-28 03:42:15', 'text'),
(53, 'asdasdasdasd', 1, 2, '2023-01-28 03:42:58', '2023-01-28 03:42:58', 'text'),
(54, 'chat/1-2/1674888235.png', 1, 2, '2023-01-28 03:43:55', '2023-01-28 03:43:55', 'image'),
(55, 'chat/1-2/1674888271.png', 1, 2, '2023-01-28 03:44:31', '2023-01-28 03:44:31', 'image'),
(56, 'chat/1-2/1674888274.png', 1, 2, '2023-01-28 03:44:34', '2023-01-28 03:44:34', 'image'),
(57, 'asdasd', 1, 2, '2023-01-28 03:45:05', '2023-01-28 03:45:05', 'text'),
(58, 'dasasdas', 1, 2, '2023-01-28 03:45:11', '2023-01-28 03:45:11', 'text'),
(59, 'chat/1-2/1674888316.png', 1, 2, '2023-01-28 03:45:16', '2023-01-28 03:45:16', 'image'),
(60, 'adasd', 1, 2, '2023-01-28 03:45:18', '2023-01-28 03:45:18', 'text'),
(61, 'chat/1-2/1674891101.png', 1, 2, '2023-01-28 04:31:41', '2023-01-28 04:31:41', 'image'),
(62, 'gdgdsgfg', 1, 2, '2023-01-28 05:00:13', '2023-01-28 05:00:13', 'text'),
(63, 'fdgfg', 1, 2, '2023-01-28 05:00:17', '2023-01-28 05:00:17', 'text'),
(64, 'chat/1-2/1674900168.png', 1, 2, '2023-01-28 07:02:48', '2023-01-28 07:02:48', 'image');

-- --------------------------------------------------------

--
-- Структура таблицы `migrations`
--

CREATE TABLE `migrations` (
  `id` int(10) UNSIGNED NOT NULL,
  `migration` varchar(255) COLLATE utf8mb4_unicode_ci NOT NULL,
  `batch` int(11) NOT NULL
) ENGINE=InnoDB DEFAULT CHARSET=utf8mb4 COLLATE=utf8mb4_unicode_ci;

--
-- Дамп данных таблицы `migrations`
--

INSERT INTO `migrations` (`id`, `migration`, `batch`) VALUES
(30, '2014_10_12_000000_create_users_table', 1),
(31, '2014_10_12_100000_create_password_resets_table', 1),
(32, '2019_08_19_000000_create_failed_jobs_table', 1),
(33, '2019_12_14_000001_create_personal_access_tokens_table', 1),
(34, '2023_01_24_003811_create_roles_table', 1),
(35, '2023_01_24_003840_update_user', 1),
(36, '2023_01_24_010555_create_permissions_table', 1),
(37, '2023_01_24_010607_create_role_permissions_table', 1),
(38, '2023_01_24_010619_create_tasks_table', 1),
(39, '2023_01_24_011014_create_messages_table', 1),
(40, '2023_01_24_011044_create_favorites_table', 1),
(41, '2023_01_24_011055_create_folders_table', 1),
(42, '2023_01_24_011111_create_files_table', 1),
(43, '2023_01_24_999999_add_active_status_to_users', 2),
(44, '2023_01_24_999999_add_avatar_to_users', 2),
(45, '2023_01_24_999999_add_dark_mode_to_users', 2),
(46, '2023_01_24_999999_add_messenger_color_to_users', 2),
(47, '2023_01_24_999999_create_favorites_table', 2),
(48, '2023_01_24_999999_create_messages_table', 2),
(49, '0000_00_00_000000_create_websockets_statistics_entries_table', 3),
(50, '2023_01_27_084103_create_table_message', 4),
(51, '2023_01_27_095259_create_dialogs_table', 5);

-- --------------------------------------------------------

--
-- Структура таблицы `password_resets`
--

CREATE TABLE `password_resets` (
  `email` varchar(255) COLLATE utf8mb4_unicode_ci NOT NULL,
  `token` varchar(255) COLLATE utf8mb4_unicode_ci NOT NULL,
  `created_at` timestamp NULL DEFAULT NULL
) ENGINE=InnoDB DEFAULT CHARSET=utf8mb4 COLLATE=utf8mb4_unicode_ci;

-- --------------------------------------------------------

--
-- Структура таблицы `permissions`
--

CREATE TABLE `permissions` (
  `id` bigint(20) UNSIGNED NOT NULL,
  `name` varchar(255) COLLATE utf8mb4_unicode_ci NOT NULL
) ENGINE=InnoDB DEFAULT CHARSET=utf8mb4 COLLATE=utf8mb4_unicode_ci;

--
-- Дамп данных таблицы `permissions`
--

INSERT INTO `permissions` (`id`, `name`) VALUES
(1, 'role.create'),
(2, 'all'),
(3, 'role.update'),
(4, 'role.read'),
(5, 'role.delete'),
(6, 'permission.create'),
(7, 'permission.read'),
(8, 'permission.update'),
(9, 'permission.delete'),
(10, 'file.create'),
(11, 'file.read'),
(12, 'file.update'),
(13, 'file.delete'),
(14, 'folder.create'),
(15, 'folder.read'),
(16, 'folder.update'),
(17, 'folder.delete'),
(18, 'task.create'),
(19, 'task.read'),
(20, 'task.update'),
(21, 'task.delete'),
(22, 'user.role.change');

-- --------------------------------------------------------

--
-- Структура таблицы `personal_access_tokens`
--

CREATE TABLE `personal_access_tokens` (
  `id` bigint(20) UNSIGNED NOT NULL,
  `tokenable_type` varchar(255) COLLATE utf8mb4_unicode_ci NOT NULL,
  `tokenable_id` bigint(20) UNSIGNED NOT NULL,
  `name` varchar(255) COLLATE utf8mb4_unicode_ci NOT NULL,
  `token` varchar(64) COLLATE utf8mb4_unicode_ci NOT NULL,
  `abilities` text COLLATE utf8mb4_unicode_ci,
  `last_used_at` timestamp NULL DEFAULT NULL,
  `created_at` timestamp NULL DEFAULT NULL,
  `updated_at` timestamp NULL DEFAULT NULL
) ENGINE=InnoDB DEFAULT CHARSET=utf8mb4 COLLATE=utf8mb4_unicode_ci;

--
-- Дамп данных таблицы `personal_access_tokens`
--

INSERT INTO `personal_access_tokens` (`id`, `tokenable_type`, `tokenable_id`, `name`, `token`, `abilities`, `last_used_at`, `created_at`, `updated_at`) VALUES
(1, 'App\\Models\\User', 1, 'authToken', 'edf351ce25da210d347d57a7ad308ae995790f839062a5bb468522fdf9711921', '[\"*\"]', NULL, '2023-01-23 22:51:03', '2023-01-23 22:51:03'),
(2, 'App\\Models\\User', 1, 'authToken', '2b160fd30b856903ebe25660ed15965773d6d27776ee9adc840679299aceadfd', '[\"*\"]', '2023-01-28 09:05:33', '2023-01-23 22:51:07', '2023-01-28 09:05:33'),
(3, 'App\\Models\\User', 1, 'authToken', '419ea9b095d3930cfeca0ed5bec24c69333cb29ddba2209f44d778aeb1dbee40', '[\"*\"]', '2023-01-24 03:56:35', '2023-01-24 03:52:17', '2023-01-24 03:56:35'),
(4, 'App\\Models\\User', 1, 'authToken', '524b892de61ce03750b18747364ab91fefb0b0b8b11afbae5eaa24319a692f27', '[\"*\"]', NULL, '2023-01-24 04:02:55', '2023-01-24 04:02:55'),
(5, 'App\\Models\\User', 1, 'authToken', '79960a6cb5020860288ea02d38007c08d8e680957d44203ee6c68ce8ed339441', '[\"*\"]', NULL, '2023-01-24 04:03:10', '2023-01-24 04:03:10'),
(6, 'App\\Models\\User', 1, 'authToken', 'dbc68df98d96cac1ee6350ba93a2571cbdb8fa07a1e5eb8cc652851fbe331942', '[\"*\"]', NULL, '2023-01-24 04:03:11', '2023-01-24 04:03:11'),
(7, 'App\\Models\\User', 1, 'authToken', '98ad3fc00d72878acf64c307fa49998eaa9d50b8091d3f23adeed9e9bd3a2e3f', '[\"*\"]', NULL, '2023-01-24 04:03:13', '2023-01-24 04:03:13'),
(8, 'App\\Models\\User', 1, 'authToken', '0fefb74c8a9a5029f2f22220a4687f486eac4b657d16352f6a84a271415f0a3d', '[\"*\"]', NULL, '2023-01-24 04:03:14', '2023-01-24 04:03:14'),
(9, 'App\\Models\\User', 1, 'authToken', '14dc1e0eaa726eb12b20518a9a9d209ab4794ede9698d4b839137028ab1911de', '[\"*\"]', NULL, '2023-01-24 04:03:19', '2023-01-24 04:03:19'),
(10, 'App\\Models\\User', 1, 'authToken', '9c6d61395e64d2896bb08247aff36cff55fa4a705b6fd3726024967b1ec99e34', '[\"*\"]', NULL, '2023-01-24 04:03:20', '2023-01-24 04:03:20'),
(11, 'App\\Models\\User', 1, 'authToken', 'b49a33072909863581b0687161e97a94cc4e49fd6844dc618f63b4f4efb24530', '[\"*\"]', NULL, '2023-01-24 04:03:37', '2023-01-24 04:03:37'),
(12, 'App\\Models\\User', 1, 'authToken', '142e2c2703e70090032d74444b36005ed83423c617517f60cc82cd670b7b1ef9', '[\"*\"]', NULL, '2023-01-24 04:04:25', '2023-01-24 04:04:25'),
(13, 'App\\Models\\User', 1, 'authToken', '59c323c50f64c1a54cf5bedf71d8fb51f73ba9b3f5c1ed2dfbd0bfdadb960c88', '[\"*\"]', '2023-01-24 04:04:43', '2023-01-24 04:04:43', '2023-01-24 04:04:43'),
(14, 'App\\Models\\User', 1, 'authToken', '7f52163e05b9e78f23eac144777ca95919ffbc4a2a566cc6b8d651c71dd54fa8', '[\"*\"]', '2023-01-24 04:04:44', '2023-01-24 04:04:44', '2023-01-24 04:04:44'),
(15, 'App\\Models\\User', 1, 'authToken', '71e975ec1b39946280640d7600ac9cf79527eccac6fd80d126b198eff60c6d7b', '[\"*\"]', '2023-01-24 04:05:12', '2023-01-24 04:05:12', '2023-01-24 04:05:12'),
(16, 'App\\Models\\User', 1, 'authToken', '2c6f90937ebbf2503c8003bacdcd5150c4eeda38ea1526c8e42b110e58653a97', '[\"*\"]', '2023-01-24 04:05:23', '2023-01-24 04:05:22', '2023-01-24 04:05:23'),
(17, 'App\\Models\\User', 1, 'authToken', 'aa0eb3e5efffac0f07cb7e852c16ce4a5a5b11418a7dbaded873da341c4d87a9', '[\"*\"]', '2023-01-24 04:05:30', '2023-01-24 04:05:30', '2023-01-24 04:05:30'),
(18, 'App\\Models\\User', 1, 'authToken', '6ae1d1bf82b61ee295994350a473ae524f2d9ec05ba7caa6675ccdbb8ba2874e', '[\"*\"]', '2023-01-24 04:06:32', '2023-01-24 04:06:32', '2023-01-24 04:06:32'),
(19, 'App\\Models\\User', 1, 'authToken', 'c03fe1ed58295edccf1e436be0a7901bea81af4ef46c0cfec42b72da45f3c430', '[\"*\"]', '2023-01-24 04:09:40', '2023-01-24 04:09:40', '2023-01-24 04:09:40'),
(20, 'App\\Models\\User', 1, 'authToken', 'e0bbd03e3991a408283611b0ec95a8a8a5e6c267bced9dfa83094a3f8dcf6d64', '[\"*\"]', '2023-01-24 04:10:06', '2023-01-24 04:10:06', '2023-01-24 04:10:06'),
(21, 'App\\Models\\User', 1, 'authToken', '20dd80e2568b3ee82ef5e00da244ef1392a0823cd92f82c58d231562807effb8', '[\"*\"]', '2023-01-24 04:10:18', '2023-01-24 04:10:18', '2023-01-24 04:10:18'),
(22, 'App\\Models\\User', 6, 'authToken', '67fa66dfcebb0d4fac818387bafd309e6ff7ed82c6b19a3214b77c152aa3f817', '[\"*\"]', NULL, '2023-01-25 06:43:12', '2023-01-25 06:43:12'),
(23, 'App\\Models\\User', 6, 'authToken', 'fe9acb9e557b3bd82a20eccea029a75efbdede56eb1246eabb773bc86583dd7f', '[\"*\"]', NULL, '2023-01-25 06:48:04', '2023-01-25 06:48:04'),
(24, 'App\\Models\\User', 1, 'authToken', '3cbb5af08ee503ff64eeae7c3e6ed4ad0e6ab46ae0199f926023a71f69c33db9', '[\"*\"]', '2023-01-26 02:34:46', '2023-01-26 02:34:46', '2023-01-26 02:34:46'),
(25, 'App\\Models\\User', 1, 'authToken', '0c577969965fe72ce937e99c9a0435ad6c453b23328e2e037cb7d53b11eeedce', '[\"*\"]', NULL, '2023-01-26 02:35:11', '2023-01-26 02:35:11'),
(26, 'App\\Models\\User', 1, 'authToken', '3cfded242e2b083e817f9ee691b06c54fb74eef46dd1346ea53aa97caa0ed396', '[\"*\"]', NULL, '2023-01-26 02:35:12', '2023-01-26 02:35:12'),
(27, 'App\\Models\\User', 1, 'authToken', '7f65a92177511ef42b76c4f5b93eeaff80c242d34bdd827459403280086a2f4f', '[\"*\"]', NULL, '2023-01-26 02:35:27', '2023-01-26 02:35:27'),
(28, 'App\\Models\\User', 1, 'authToken', 'cccbd5b5dccc03b6347cd3aa9434725ed1d54e08885ff9df652d55aec62010c1', '[\"*\"]', '2023-01-26 02:37:11', '2023-01-26 02:37:11', '2023-01-26 02:37:11'),
(29, 'App\\Models\\User', 1, 'authToken', 'c92d4a46347c254e98630e267f693ea63a3aebe1a20774c01e23f088753c30f7', '[\"*\"]', '2023-01-26 02:37:50', '2023-01-26 02:37:50', '2023-01-26 02:37:50'),
(30, 'App\\Models\\User', 1, 'authToken', 'd41268672c6ce9cca45727c3d9a8512e6a1f554903312138fff2490f40beeb73', '[\"*\"]', '2023-01-26 02:37:53', '2023-01-26 02:37:53', '2023-01-26 02:37:53'),
(31, 'App\\Models\\User', 1, 'authToken', 'ea2b726c6375c0f48c38e81a53507bf1573b9a4cd5b5b4574d31d5646051fa84', '[\"*\"]', '2023-01-26 02:38:17', '2023-01-26 02:38:17', '2023-01-26 02:38:17'),
(32, 'App\\Models\\User', 1, 'authToken', '8b38f067b48420bca7dd2406943477f126a962447a35d0febcf4c263af32a8ab', '[\"*\"]', '2023-01-26 02:40:32', '2023-01-26 02:40:32', '2023-01-26 02:40:32'),
(33, 'App\\Models\\User', 1, 'authToken', 'cd3498f0170bb4fc4984da873aad5cf6738206aab3f87ea08a1860ef63c56bba', '[\"*\"]', '2023-01-26 02:40:52', '2023-01-26 02:40:51', '2023-01-26 02:40:52'),
(34, 'App\\Models\\User', 1, 'authToken', 'e48619b5dc685b1d89ead7e5c222d3f9b10c9ec1a7a22e465942cc8171734d15', '[\"*\"]', '2023-01-26 02:40:52', '2023-01-26 02:40:52', '2023-01-26 02:40:52'),
(35, 'App\\Models\\User', 1, 'authToken', 'ce060c3890ce9369ab0c6ce622586967316c3952532c9bdd5b2e2e76b4928ad5', '[\"*\"]', '2023-01-26 02:41:06', '2023-01-26 02:41:06', '2023-01-26 02:41:06'),
(36, 'App\\Models\\User', 1, 'authToken', '1868f3adb9353841534b0692314d6c90444c65bf8b8994b8430188c79d881aac', '[\"*\"]', '2023-01-26 02:41:43', '2023-01-26 02:41:43', '2023-01-26 02:41:43'),
(37, 'App\\Models\\User', 1, 'authToken', '92adba4f311bc39853c7cbef0c1072dd3bb24614186b23f370439fa93657fb88', '[\"*\"]', '2023-01-26 02:41:44', '2023-01-26 02:41:44', '2023-01-26 02:41:44'),
(38, 'App\\Models\\User', 1, 'authToken', '5fe1bb125f696156395de7befef6040776343ae536249d1d765310ac76a410e8', '[\"*\"]', '2023-01-26 02:42:02', '2023-01-26 02:42:02', '2023-01-26 02:42:02'),
(39, 'App\\Models\\User', 1, 'authToken', '0b45b0431b5257068157acf2a006207f8baa700b06e54177ecda0a721a2114ff', '[\"*\"]', '2023-01-26 02:42:06', '2023-01-26 02:42:06', '2023-01-26 02:42:06'),
(40, 'App\\Models\\User', 1, 'authToken', '4246832444c44ad542d7b69a193f1e9fd8956f671da0d8c1d95dddb97eb8a0b8', '[\"*\"]', '2023-01-26 02:42:11', '2023-01-26 02:42:11', '2023-01-26 02:42:11'),
(41, 'App\\Models\\User', 1, 'authToken', '9f030c21b7e58619db2ebe70dea1ce52d7f42ccfcf4b4536e808685f7bd9ae86', '[\"*\"]', '2023-01-26 02:42:23', '2023-01-26 02:42:23', '2023-01-26 02:42:23'),
(42, 'App\\Models\\User', 1, 'authToken', '85830b8c993feeeb58264ad370368ad96a13604344c7430e66d62b061028ce07', '[\"*\"]', '2023-01-26 02:42:36', '2023-01-26 02:42:36', '2023-01-26 02:42:36'),
(43, 'App\\Models\\User', 1, 'authToken', '3d89e78789f9326e9a664e15c3e1118abf4050bfe67c6e795e9883c2c7fecdb6', '[\"*\"]', '2023-01-26 02:42:52', '2023-01-26 02:42:52', '2023-01-26 02:42:52'),
(44, 'App\\Models\\User', 1, 'authToken', '0446c8f62a83277f9e47097c5d5f39feef39d61dc3c643c03f7042697900c469', '[\"*\"]', '2023-01-26 02:43:37', '2023-01-26 02:43:37', '2023-01-26 02:43:37'),
(45, 'App\\Models\\User', 1, 'authToken', 'df83785bccfac25011dcbace8026563e18fff88f0d4eb9a581e6635ead960462', '[\"*\"]', NULL, '2023-01-26 02:58:52', '2023-01-26 02:58:52'),
(46, 'App\\Models\\User', 1, 'authToken', '46fa46103c91977456d133f305789cd83fa0bf9eb158f64897dc3a94b9645284', '[\"*\"]', NULL, '2023-01-26 02:58:53', '2023-01-26 02:58:53'),
(47, 'App\\Models\\User', 1, 'authToken', 'a9c6dd605814a4ea800cfef0ecd6b5f6f8768d598daa86559bc64779ad34af1f', '[\"*\"]', NULL, '2023-01-26 03:01:10', '2023-01-26 03:01:10'),
(48, 'App\\Models\\User', 1, 'authToken', '1c8c3849297a9c8dd520996cf60cf88e094ee09b474192367bec8aab5082cd1a', '[\"*\"]', NULL, '2023-01-26 03:01:44', '2023-01-26 03:01:44'),
(49, 'App\\Models\\User', 1, 'authToken', '27f48a805e12782b11ff10b3c9b5af441da44e654829caabcd0c4c2fe94b4d91', '[\"*\"]', NULL, '2023-01-26 03:01:48', '2023-01-26 03:01:48'),
(50, 'App\\Models\\User', 1, 'authToken', '1786b6c6b9636b3ac32086d0a547cedf63f5b61d6b8d7d2013caf1f316c92591', '[\"*\"]', NULL, '2023-01-26 03:01:50', '2023-01-26 03:01:50'),
(51, 'App\\Models\\User', 1, 'authToken', '4dbf30d6a1238e525e3f4c0cdf48d9624edc7a12357594f60ff6e2888e5edcc1', '[\"*\"]', NULL, '2023-01-26 03:02:03', '2023-01-26 03:02:03'),
(52, 'App\\Models\\User', 1, 'authToken', '39b9629c5eb2b873190a1c00bf90d21ca6a5ab3660618bcc5c2b4e2c12acb8ea', '[\"*\"]', NULL, '2023-01-26 03:02:04', '2023-01-26 03:02:04'),
(53, 'App\\Models\\User', 1, 'authToken', '6326516b46ffb00bfef6b14d37d0c197fbf7a2201b9be7a46a65bd33b0318806', '[\"*\"]', '2023-01-26 03:02:37', '2023-01-26 03:02:37', '2023-01-26 03:02:37'),
(54, 'App\\Models\\User', 1, 'authToken', '75061914ef4ab0857729e35b8ce92d0eb25c35872c7c447c34c3a19b268e9450', '[\"*\"]', '2023-01-26 03:03:14', '2023-01-26 03:03:13', '2023-01-26 03:03:14'),
(55, 'App\\Models\\User', 1, 'authToken', 'ffabce2c7b3d6924193905cd43877ed06883651409e0b8a78c20a84ae731aa25', '[\"*\"]', '2023-01-26 03:03:47', '2023-01-26 03:03:47', '2023-01-26 03:03:47'),
(56, 'App\\Models\\User', 1, 'authToken', '3e88a495aa1eb9d9fa45fe8ec944e9f762cacf7142ecbff8cff14191983c3c2a', '[\"*\"]', NULL, '2023-01-26 03:04:14', '2023-01-26 03:04:14'),
(57, 'App\\Models\\User', 1, 'authToken', 'f88bb96b22fd38a735085bc1b428c0214f5a77e27907d84e6115c5c2e3148017', '[\"*\"]', '2023-01-26 03:04:29', '2023-01-26 03:04:29', '2023-01-26 03:04:29'),
(58, 'App\\Models\\User', 1, 'authToken', 'c4fd19f07bc421db7e8692e0661794f914dfd37416093236c4f866162308f054', '[\"*\"]', '2023-01-26 03:04:42', '2023-01-26 03:04:42', '2023-01-26 03:04:42'),
(59, 'App\\Models\\User', 1, 'authToken', '7bc770f8bf239fc75feac71daeaf814073add08853ea1a3fca422c6a8d853a77', '[\"*\"]', '2023-01-26 03:05:00', '2023-01-26 03:05:00', '2023-01-26 03:05:00'),
(60, 'App\\Models\\User', 1, 'authToken', 'b1a50d7f8d54dbf175b397eb094568062f6061dd776aaacd7c7c8b63e217a360', '[\"*\"]', '2023-01-26 03:05:01', '2023-01-26 03:05:01', '2023-01-26 03:05:01'),
(61, 'App\\Models\\User', 1, 'authToken', 'eca6f6b0e4e0146d5e3e67f46aaf39d2baa8dca2ba1716b16ef6e65119d04cdd', '[\"*\"]', '2023-01-26 03:07:02', '2023-01-26 03:07:01', '2023-01-26 03:07:02'),
(62, 'App\\Models\\User', 1, 'authToken', 'ee1df0044287abd1b39678bc0f7cecae5dc26cc2523edd9e189e0c08c185ed0a', '[\"*\"]', '2023-01-26 03:07:03', '2023-01-26 03:07:02', '2023-01-26 03:07:03'),
(63, 'App\\Models\\User', 1, 'authToken', '59993696a105fce98006cd9e5f72ccad41d03f2127f9b3ed98e0a78c5ee982c2', '[\"*\"]', NULL, '2023-01-26 03:08:49', '2023-01-26 03:08:49'),
(64, 'App\\Models\\User', 1, 'authToken', '8b712df421649db4d68684a11ffcdace3ae65270e32d5460211e60e14dde840e', '[\"*\"]', NULL, '2023-01-26 03:08:56', '2023-01-26 03:08:56'),
(65, 'App\\Models\\User', 1, 'authToken', 'cd1d2eb3520c60ee0b309d4f32ffec662277687f95c74e2c7b69553530ad4b42', '[\"*\"]', '2023-01-26 10:20:48', '2023-01-26 03:09:03', '2023-01-26 10:20:48'),
(66, 'App\\Models\\User', 1, 'authToken', 'fb49a0bbfc3a34d5cf71539571c58b46bec0ff41812fb6daaefa0bc351c41e0f', '[\"*\"]', '2023-01-27 06:36:02', '2023-01-26 03:58:13', '2023-01-27 06:36:02'),
(67, 'App\\Models\\User', 1, 'authToken', 'c090b80b77fda90d7227e98a24f86443b5f389c790a512dca159761ac825d124', '[\"*\"]', NULL, '2023-01-26 08:50:20', '2023-01-26 08:50:20'),
(68, 'App\\Models\\User', 1, 'authToken', '88604d956ef7b4ad3b9e06d39650a0ca10f9efac74443d089f7b04433f9a0e36', '[\"*\"]', NULL, '2023-01-26 10:21:21', '2023-01-26 10:21:21'),
(69, 'App\\Models\\User', 1, 'authToken', '33594030fbfc662f54f16cbb75563f8e55594af970dca3c47543b1397ed8a3b5', '[\"*\"]', NULL, '2023-01-26 10:21:22', '2023-01-26 10:21:22'),
(70, 'App\\Models\\User', 1, 'authToken', '1539b0ead26d300ea3a1637149b0c20bedac788c62b91f173c0dcfbb8e38182f', '[\"*\"]', NULL, '2023-01-26 10:21:23', '2023-01-26 10:21:23'),
(71, 'App\\Models\\User', 1, 'authToken', 'a666e2ff7261bde8e4dc787920fa4b3c1c925b0733243a02c58ffd5b542b0bf9', '[\"*\"]', NULL, '2023-01-26 10:21:23', '2023-01-26 10:21:23'),
(72, 'App\\Models\\User', 1, 'authToken', 'd2d5bb2adc3f5c1ecf49ed23a517b454761ad24ee32ad9af02ce276feb81fd0a', '[\"*\"]', NULL, '2023-01-26 10:21:23', '2023-01-26 10:21:23'),
(73, 'App\\Models\\User', 1, 'authToken', 'b18d9abecb137274bf578d1a159630e4c5e577cb286102a01ff0e432c18dd3b0', '[\"*\"]', NULL, '2023-01-26 10:21:23', '2023-01-26 10:21:23'),
(74, 'App\\Models\\User', 1, 'authToken', '48fdfb72f07fe37658d73a179ea496b918f050b28b4277385636b16b38c1a43d', '[\"*\"]', '2023-01-27 03:46:34', '2023-01-26 10:21:24', '2023-01-27 03:46:34'),
(75, 'App\\Models\\User', 1, 'authToken', 'df152dea2b04daaafcf79ebeb79b35c20cc1d7e63fa5d408977a1eb750851fc0', '[\"*\"]', '2023-01-27 06:38:38', '2023-01-27 03:46:59', '2023-01-27 06:38:38'),
(76, 'App\\Models\\User', 1, 'authToken', 'bae16afad42b02379de870b7354ae4628f741df00d45cedacfd367a7fc4e64a5', '[\"*\"]', '2023-01-27 06:27:17', '2023-01-27 03:59:00', '2023-01-27 06:27:17'),
(77, 'App\\Models\\User', 2, 'authToken', 'a4b59c2fe3be4b9665b03e7b66e17f549686837583a908cc36ab330e58fc9c8f', '[\"*\"]', '2023-01-28 03:17:35', '2023-01-27 06:27:39', '2023-01-28 03:17:35'),
(78, 'App\\Models\\User', 1, 'authToken', '4fc3a6d96f6b12d093eab242c43db5636f874898d9818db4143977d497c58559', '[\"*\"]', '2023-01-27 08:54:29', '2023-01-27 07:25:07', '2023-01-27 08:54:29'),
(79, 'App\\Models\\User', 1, 'authToken', 'f7dbac80e81d7d69eca19210d66007747c85598ebd77e06e83f1f0f7a2afe111', '[\"*\"]', '2023-01-28 09:51:52', '2023-01-27 08:54:27', '2023-01-28 09:51:52'),
(80, 'App\\Models\\User', 1, 'authToken', 'dc7a836f040f488b230789f29605e21ba2b08e7143dea5eb733a8562fdffcd90', '[\"*\"]', '2023-01-28 07:52:10', '2023-01-28 03:57:10', '2023-01-28 07:52:10');

-- --------------------------------------------------------

--
-- Структура таблицы `roles`
--

CREATE TABLE `roles` (
  `id` bigint(20) UNSIGNED NOT NULL,
  `name` varchar(255) COLLATE utf8mb4_unicode_ci NOT NULL
) ENGINE=InnoDB DEFAULT CHARSET=utf8mb4 COLLATE=utf8mb4_unicode_ci;

--
-- Дамп данных таблицы `roles`
--

INSERT INTO `roles` (`id`, `name`) VALUES
(1, 'user'),
(2, 'admin');

-- --------------------------------------------------------

--
-- Структура таблицы `role_permissions`
--

CREATE TABLE `role_permissions` (
  `id` bigint(20) UNSIGNED NOT NULL,
  `role_id` bigint(20) UNSIGNED NOT NULL,
  `permission_id` bigint(20) UNSIGNED NOT NULL
) ENGINE=InnoDB DEFAULT CHARSET=utf8mb4 COLLATE=utf8mb4_unicode_ci;

--
-- Дамп данных таблицы `role_permissions`
--

INSERT INTO `role_permissions` (`id`, `role_id`, `permission_id`) VALUES
(3, 2, 2),
(4, 1, 13),
(5, 1, 10);

-- --------------------------------------------------------

--
-- Структура таблицы `tasks`
--

CREATE TABLE `tasks` (
  `id` bigint(20) UNSIGNED NOT NULL,
  `title` varchar(255) COLLATE utf8mb4_unicode_ci NOT NULL,
  `description` varchar(255) COLLATE utf8mb4_unicode_ci NOT NULL,
  `file` text COLLATE utf8mb4_unicode_ci NOT NULL,
  `deadline` datetime NOT NULL,
  `from_user` bigint(20) UNSIGNED NOT NULL,
  `to_user` bigint(20) UNSIGNED NOT NULL,
  `created_at` timestamp NULL DEFAULT NULL,
  `updated_at` timestamp NULL DEFAULT NULL,
  `status` int(11) DEFAULT '0'
) ENGINE=InnoDB DEFAULT CHARSET=utf8mb4 COLLATE=utf8mb4_unicode_ci;

--
-- Дамп данных таблицы `tasks`
--

INSERT INTO `tasks` (`id`, `title`, `description`, `file`, `deadline`, `from_user`, `to_user`, `created_at`, `updated_at`, `status`) VALUES
(13, 'title 1', 'description 2', 'tasks/1674534640.docx', '2023-01-29 00:00:00', 2, 1, '2023-01-24 01:30:40', '2023-01-24 01:30:40', NULL),
(14, 'title 1', 'description 2', 'tasks/1674534640.docx', '2023-01-29 00:00:00', 1, 2, '2023-01-24 01:30:40', '2023-01-24 01:30:40', NULL),
(15, 'title 1', 'description 2', 'tasks/1674534641.docx', '2023-01-29 00:00:00', 1, 2, '2023-01-24 01:30:41', '2023-01-24 01:30:41', NULL),
(16, 'title 1', 'description 2', 'tasks/1674534641.docx', '2023-01-29 00:00:00', 1, 2, '2023-01-24 01:30:41', '2023-01-24 01:30:41', NULL),
(17, 'title 1', 'description 2', 'tasks/1674534642.docx', '2023-01-29 00:00:00', 1, 2, '2023-01-24 01:30:42', '2023-01-24 01:30:42', NULL);

-- --------------------------------------------------------

--
-- Структура таблицы `users`
--

CREATE TABLE `users` (
  `id` bigint(20) UNSIGNED NOT NULL,
  `name` varchar(255) COLLATE utf8mb4_unicode_ci NOT NULL,
  `photo` varchar(255) COLLATE utf8mb4_unicode_ci DEFAULT NULL,
  `email` varchar(255) COLLATE utf8mb4_unicode_ci NOT NULL,
  `email_verified_at` timestamp NULL DEFAULT NULL,
  `password` varchar(255) COLLATE utf8mb4_unicode_ci NOT NULL,
  `remember_token` varchar(100) COLLATE utf8mb4_unicode_ci DEFAULT NULL,
  `created_at` timestamp NULL DEFAULT NULL,
  `updated_at` timestamp NULL DEFAULT NULL,
  `role_id` bigint(20) UNSIGNED NOT NULL,
  `active_status` tinyint(1) NOT NULL DEFAULT '0'
) ENGINE=InnoDB DEFAULT CHARSET=utf8mb4 COLLATE=utf8mb4_unicode_ci;

--
-- Дамп данных таблицы `users`
--

INSERT INTO `users` (`id`, `name`, `photo`, `email`, `email_verified_at`, `password`, `remember_token`, `created_at`, `updated_at`, `role_id`, `active_status`) VALUES
(1, 'Администратор', NULL, 'admin@admin.com', NULL, '$2y$10$skT8bSb0P6ntMWBOtOWHpe.JA6rh.0suxgXU2fF7u849qEmzLO1KG', NULL, NULL, NULL, 2, 0),
(2, 'Пользователь', NULL, 'user@user.com', NULL, '$2y$10$t.XrRBjd1XJtOk6SsFbwYuJz3nGKXoto5LqP3uiDWekPhHLPguFz6', NULL, NULL, NULL, 1, 0),
(3, 'temp', NULL, 'temp@mail.com', NULL, '$2y$10$h5MgLIk/tpvvZlqpRyxkV.sZsteHyYZ5JOlKig/TJ2Wp20pC4b37e', NULL, NULL, NULL, 1, 0),
(4, 'ffwefwefw', NULL, 'dinara@gmail.com', NULL, '$2y$10$Obnordbe660xYgtv02oi/eciVnm37qIZ9/YViBF1v5bXKl6DEBtfi', NULL, NULL, NULL, 1, 0),
(5, 'dinara', NULL, 'dinara123@gmail.com', NULL, '$2y$10$c.96.kat12erhC9cqcpNAOYDpeadkIXv6bJWcQznyrh68Eg/Vw7uK', NULL, NULL, NULL, 1, 0),
(6, 'dinara', NULL, 'qwerty@gmail.com', NULL, '$2y$10$K8/wAAOGnt5QMAhSz3PIpuC0XO6euxMzELrmIgprg1kAJwgXMj6LK', NULL, NULL, NULL, 1, 0);

-- --------------------------------------------------------

--
-- Структура таблицы `websockets_statistics_entries`
--

CREATE TABLE `websockets_statistics_entries` (
  `id` int(10) UNSIGNED NOT NULL,
  `app_id` varchar(255) COLLATE utf8mb4_unicode_ci NOT NULL,
  `peak_connection_count` int(11) NOT NULL,
  `websocket_message_count` int(11) NOT NULL,
  `api_message_count` int(11) NOT NULL,
  `created_at` timestamp NULL DEFAULT NULL,
  `updated_at` timestamp NULL DEFAULT NULL
) ENGINE=InnoDB DEFAULT CHARSET=utf8mb4 COLLATE=utf8mb4_unicode_ci;

--
-- Дамп данных таблицы `websockets_statistics_entries`
--

INSERT INTO `websockets_statistics_entries` (`id`, `app_id`, `peak_connection_count`, `websocket_message_count`, `api_message_count`, `created_at`, `updated_at`) VALUES
(1, '1542773', 1, 8, 0, '2023-01-26 03:40:49', '2023-01-26 03:40:49'),
(2, '1542773', 1, 2, 0, '2023-01-26 03:41:49', '2023-01-26 03:41:49'),
(3, '1542773', 1, 2, 0, '2023-01-26 03:42:49', '2023-01-26 03:42:49'),
(4, '1542773', 1, 2, 0, '2023-01-26 03:44:49', '2023-01-26 03:44:49'),
(5, '1542773', 1, 2, 0, '2023-01-26 03:45:49', '2023-01-26 03:45:49'),
(6, '1542773', 1, 2, 0, '2023-01-26 03:46:49', '2023-01-26 03:46:49'),
(7, '1542773', 1, 9, 0, '2023-01-26 03:47:49', '2023-01-26 03:47:49'),
(8, '1542773', 1, 2, 0, '2023-01-26 03:48:49', '2023-01-26 03:48:49'),
(9, '1542773', 1, 17, 0, '2023-01-26 03:49:49', '2023-01-26 03:49:49'),
(10, '1542773', 1, 2, 0, '2023-01-26 03:50:49', '2023-01-26 03:50:49'),
(11, '1542773', 1, 1, 0, '2023-01-26 03:51:49', '2023-01-26 03:51:49'),
(12, '1542773', 1, 2, 0, '2023-01-26 03:52:49', '2023-01-26 03:52:49'),
(13, '1542773', 1, 2, 0, '2023-01-26 03:53:49', '2023-01-26 03:53:49'),
(14, '1542773', 1, 2, 0, '2023-01-26 03:54:49', '2023-01-26 03:54:49'),
(15, '1542773', 1, 2, 0, '2023-01-26 03:55:49', '2023-01-26 03:55:49'),
(16, '1542773', 1, 2, 0, '2023-01-26 03:56:49', '2023-01-26 03:56:49'),
(17, '1542773', 1, 2, 0, '2023-01-26 03:57:49', '2023-01-26 03:57:49'),
(18, '1542773', 1, 2, 0, '2023-01-26 03:58:49', '2023-01-26 03:58:49'),
(19, '1542773', 1, 9, 0, '2023-01-26 03:59:49', '2023-01-26 03:59:49'),
(20, '1542773', 1, 7, 0, '2023-01-26 04:00:49', '2023-01-26 04:00:49'),
(21, '1542773', 1, 3, 0, '2023-01-26 04:01:49', '2023-01-26 04:01:49'),
(22, '1542773', 1, 10, 0, '2023-01-26 04:02:49', '2023-01-26 04:02:49'),
(23, '1542773', 1, 16, 3, '2023-01-26 04:04:14', '2023-01-26 04:04:14'),
(24, '1542773', 1, 1, 1, '2023-01-26 04:05:14', '2023-01-26 04:05:14'),
(25, '1542773', 1, 1, 1, '2023-01-26 04:06:14', '2023-01-26 04:06:14'),
(26, '1542773', 1, 1, 1, '2023-01-26 04:07:14', '2023-01-26 04:07:14'),
(27, '1542773', 1, 1, 1, '2023-01-26 04:08:14', '2023-01-26 04:08:14'),
(28, '1542773', 1, 1, 1, '2023-01-26 04:09:14', '2023-01-26 04:09:14'),
(29, '1542773', 1, 1, 1, '2023-01-26 04:10:14', '2023-01-26 04:10:14'),
(30, '1542773', 1, 1, 1, '2023-01-26 04:11:14', '2023-01-26 04:11:14'),
(31, '1542773', 1, 1, 1, '2023-01-26 04:12:14', '2023-01-26 04:12:14'),
(32, '1542773', 1, 1, 1, '2023-01-26 04:13:14', '2023-01-26 04:13:14'),
(33, '1542773', 1, 1, 1, '2023-01-26 04:14:14', '2023-01-26 04:14:14'),
(34, '1542773', 1, 1, 1, '2023-01-26 04:15:14', '2023-01-26 04:15:14'),
(35, '1542773', 1, 1, 1, '2023-01-26 04:16:14', '2023-01-26 04:16:14'),
(36, '1542773', 1, 1, 1, '2023-01-26 04:17:14', '2023-01-26 04:17:14'),
(37, '1542773', 1, 1, 1, '2023-01-26 04:18:14', '2023-01-26 04:18:14'),
(38, '1542773', 1, 0, 4, '2023-01-26 04:19:14', '2023-01-26 04:19:14'),
(39, '1542773', 1, 1, 2, '2023-01-26 04:20:14', '2023-01-26 04:20:14'),
(40, '1542773', 1, 9, 1, '2023-01-26 04:21:14', '2023-01-26 04:21:14'),
(41, '1542773', 1, 12, 1, '2023-01-26 04:23:04', '2023-01-26 04:23:04'),
(42, '1542773', 1, 12, 1, '2023-01-26 04:24:04', '2023-01-26 04:24:04'),
(43, '1542773', 1, 8, 1, '2023-01-26 04:25:04', '2023-01-26 04:25:04'),
(44, '1542773', 1, 1, 3, '2023-01-26 04:26:04', '2023-01-26 04:26:04'),
(45, '1542773', 1, 24, 5, '2023-01-26 04:27:51', '2023-01-26 04:27:51'),
(46, '1542773', 1, 1, 1, '2023-01-26 04:28:51', '2023-01-26 04:28:51'),
(47, '1542773', 1, 1, 1, '2023-01-26 04:29:51', '2023-01-26 04:29:51'),
(48, '1542773', 1, 1, 2, '2023-01-26 04:30:51', '2023-01-26 04:30:51'),
(49, '1542773', 1, 1, 1, '2023-01-26 04:31:51', '2023-01-26 04:31:51'),
(50, '1542773', 1, 9, 2, '2023-01-26 04:32:51', '2023-01-26 04:32:51'),
(51, '1542773', 1, 1, 2, '2023-01-26 04:33:51', '2023-01-26 04:33:51'),
(52, '1542773', 1, 8, 2, '2023-01-26 04:34:51', '2023-01-26 04:34:51'),
(53, '1542773', 1, 1, 1, '2023-01-26 04:35:51', '2023-01-26 04:35:51'),
(54, '1542773', 1, 1, 10, '2023-01-26 04:36:51', '2023-01-26 04:36:51'),
(55, '1542773', 1, 1, 3, '2023-01-26 04:37:51', '2023-01-26 04:37:51'),
(56, '1542773', 1, 0, 9, '2023-01-26 04:38:51', '2023-01-26 04:38:51'),
(57, '1542773', 1, 1, 1, '2023-01-26 04:39:51', '2023-01-26 04:39:51'),
(58, '1542773', 1, 17, 2, '2023-01-26 04:41:09', '2023-01-26 04:41:09'),
(59, '1542773', 1, 1, 1, '2023-01-26 04:42:09', '2023-01-26 04:42:09'),
(60, '1542773', 1, 1, 1, '2023-01-26 04:43:09', '2023-01-26 04:43:09'),
(61, '1542773', 1, 1, 3, '2023-01-26 04:44:09', '2023-01-26 04:44:09'),
(62, '1542773', 1, 15, 2, '2023-01-26 04:45:32', '2023-01-26 04:45:32'),
(63, '1542773', 1, 1, 3, '2023-01-26 04:46:32', '2023-01-26 04:46:32'),
(64, '1542773', 1, 0, 5, '2023-01-26 04:47:32', '2023-01-26 04:47:32'),
(65, '1542773', 1, 9, 2, '2023-01-26 04:48:32', '2023-01-26 04:48:32'),
(66, '1542773', 1, 1, 1, '2023-01-26 04:49:32', '2023-01-26 04:49:32'),
(67, '1542773', 1, 1, 1, '2023-01-26 04:50:32', '2023-01-26 04:50:32'),
(68, '1542773', 1, 1, 1, '2023-01-26 04:51:32', '2023-01-26 04:51:32'),
(69, '1542773', 1, 1, 1, '2023-01-26 04:52:32', '2023-01-26 04:52:32'),
(70, '1542773', 1, 1, 3, '2023-01-26 04:53:32', '2023-01-26 04:53:32'),
(71, '1542773', 1, 0, 5, '2023-01-26 04:54:32', '2023-01-26 04:54:32'),
(72, '1542773', 1, 1, 2, '2023-01-26 04:55:32', '2023-01-26 04:55:32'),
(73, '1542773', 1, 1, 3, '2023-01-26 04:56:32', '2023-01-26 04:56:32'),
(74, '1542773', 1, 1, 2, '2023-01-26 04:57:32', '2023-01-26 04:57:32'),
(75, '1542773', 1, 1, 2, '2023-01-26 04:58:32', '2023-01-26 04:58:32'),
(76, '1542773', 1, 1, 3, '2023-01-26 04:59:32', '2023-01-26 04:59:32'),
(77, '1542773', 1, 1, 1, '2023-01-26 05:00:32', '2023-01-26 05:00:32'),
(78, '1542773', 1, 1, 1, '2023-01-26 05:01:32', '2023-01-26 05:01:32'),
(79, '1542773', 1, 1, 1, '2023-01-26 05:02:32', '2023-01-26 05:02:32'),
(80, '1542773', 1, 1, 1, '2023-01-26 05:03:32', '2023-01-26 05:03:32'),
(81, '1542773', 1, 1, 4, '2023-01-26 05:04:32', '2023-01-26 05:04:32'),
(82, '1542773', 1, 1, 1, '2023-01-26 05:05:32', '2023-01-26 05:05:32'),
(83, '1542773', 1, 1, 1, '2023-01-26 05:06:32', '2023-01-26 05:06:32'),
(84, '1542773', 1, 1, 1, '2023-01-26 05:07:32', '2023-01-26 05:07:32'),
(85, '1542773', 1, 1, 1, '2023-01-26 05:08:32', '2023-01-26 05:08:32'),
(86, '1542773', 1, 1, 1, '2023-01-26 05:09:32', '2023-01-26 05:09:32'),
(87, '1542773', 1, 1, 1, '2023-01-26 05:10:32', '2023-01-26 05:10:32'),
(88, '1542773', 2, 18, 3, '2023-01-26 05:12:06', '2023-01-26 05:12:06'),
(89, '1542773', 2, 2, 3, '2023-01-26 05:13:06', '2023-01-26 05:13:06'),
(90, '1542773', 2, 2, 2, '2023-01-26 05:14:06', '2023-01-26 05:14:06'),
(91, '1542773', 2, 2, 3, '2023-01-26 05:15:06', '2023-01-26 05:15:06'),
(92, '1542773', 2, 10, 14, '2023-01-26 05:16:06', '2023-01-26 05:16:06'),
(93, '1542773', 2, 2, 1, '2023-01-26 05:17:07', '2023-01-26 05:17:07'),
(94, '1542773', 2, 18, 3, '2023-01-26 05:18:19', '2023-01-26 05:18:19'),
(95, '1542773', 2, 2, 1, '2023-01-26 05:19:19', '2023-01-26 05:19:19'),
(96, '1542773', 2, 2, 1, '2023-01-26 05:20:19', '2023-01-26 05:20:19'),
(97, '1542773', 2, 2, 1, '2023-01-26 05:21:19', '2023-01-26 05:21:19'),
(98, '1542773', 2, 4, 1, '2023-01-26 05:22:19', '2023-01-26 05:22:19'),
(99, '1542773', 2, 4, 1, '2023-01-26 05:23:19', '2023-01-26 05:23:19'),
(100, '1542773', 2, 2, 1, '2023-01-26 05:24:19', '2023-01-26 05:24:19'),
(101, '1542773', 2, 2, 1, '2023-01-26 05:25:19', '2023-01-26 05:25:19'),
(102, '1542773', 2, 2, 1, '2023-01-26 05:26:19', '2023-01-26 05:26:19'),
(103, '1542773', 2, 2, 1, '2023-01-26 05:27:25', '2023-01-26 05:27:25'),
(104, '1542773', 2, 4, 1, '2023-01-26 05:28:19', '2023-01-26 05:28:19'),
(105, '1542773', 2, 2, 1, '2023-01-26 05:29:19', '2023-01-26 05:29:19'),
(106, '1542773', 2, 2, 1, '2023-01-26 05:30:19', '2023-01-26 05:30:19'),
(107, '1542773', 2, 2, 1, '2023-01-26 05:31:19', '2023-01-26 05:31:19'),
(108, '1542773', 2, 2, 1, '2023-01-26 05:32:19', '2023-01-26 05:32:19'),
(109, '1542773', 2, 2, 1, '2023-01-26 05:33:19', '2023-01-26 05:33:19'),
(110, '1542773', 2, 2, 1, '2023-01-26 05:34:19', '2023-01-26 05:34:19'),
(111, '1542773', 2, 2, 1, '2023-01-26 05:35:19', '2023-01-26 05:35:19'),
(112, '1542773', 2, 2, 1, '2023-01-26 05:36:19', '2023-01-26 05:36:19'),
(113, '1542773', 2, 2, 1, '2023-01-26 05:37:19', '2023-01-26 05:37:19'),
(114, '1542773', 2, 2, 1, '2023-01-26 05:38:19', '2023-01-26 05:38:19'),
(115, '1542773', 2, 2, 1, '2023-01-26 05:39:19', '2023-01-26 05:39:19'),
(116, '1542773', 2, 2, 1, '2023-01-26 05:40:19', '2023-01-26 05:40:19'),
(117, '1542773', 2, 2, 1, '2023-01-26 05:41:19', '2023-01-26 05:41:19'),
(118, '1542773', 2, 2, 1, '2023-01-26 05:42:19', '2023-01-26 05:42:19'),
(119, '1542773', 2, 2, 1, '2023-01-26 05:43:19', '2023-01-26 05:43:19'),
(120, '1542773', 2, 2, 1, '2023-01-26 05:44:19', '2023-01-26 05:44:19'),
(121, '1542773', 2, 2, 1, '2023-01-26 05:45:19', '2023-01-26 05:45:19'),
(122, '1542773', 2, 2, 1, '2023-01-26 05:46:19', '2023-01-26 05:46:19'),
(123, '1542773', 2, 2, 1, '2023-01-26 05:47:19', '2023-01-26 05:47:19'),
(124, '1542773', 2, 2, 1, '2023-01-26 05:48:19', '2023-01-26 05:48:19'),
(125, '1542773', 2, 2, 1, '2023-01-26 05:49:19', '2023-01-26 05:49:19'),
(126, '1542773', 2, 2, 1, '2023-01-26 05:50:19', '2023-01-26 05:50:19'),
(127, '1542773', 2, 2, 1, '2023-01-26 05:51:19', '2023-01-26 05:51:19'),
(128, '1542773', 2, 2, 1, '2023-01-26 05:52:19', '2023-01-26 05:52:19'),
(129, '1542773', 2, 2, 1, '2023-01-26 05:53:19', '2023-01-26 05:53:19'),
(130, '1542773', 2, 2, 1, '2023-01-26 05:54:19', '2023-01-26 05:54:19'),
(131, '1542773', 2, 2, 1, '2023-01-26 05:55:19', '2023-01-26 05:55:19'),
(132, '1542773', 2, 2, 1, '2023-01-26 05:56:19', '2023-01-26 05:56:19'),
(133, '1542773', 2, 2, 1, '2023-01-26 05:57:19', '2023-01-26 05:57:19'),
(134, '1542773', 2, 2, 1, '2023-01-26 05:58:19', '2023-01-26 05:58:19'),
(135, '1542773', 2, 2, 1, '2023-01-26 05:59:19', '2023-01-26 05:59:19'),
(136, '1542773', 2, 2, 1, '2023-01-26 06:00:19', '2023-01-26 06:00:19'),
(137, '1542773', 2, 2, 1, '2023-01-26 06:01:19', '2023-01-26 06:01:19'),
(138, '1542773', 2, 2, 1, '2023-01-26 06:02:19', '2023-01-26 06:02:19'),
(139, '1542773', 2, 2, 1, '2023-01-26 06:03:19', '2023-01-26 06:03:19'),
(140, '1542773', 2, 2, 1, '2023-01-26 06:04:19', '2023-01-26 06:04:19'),
(141, '1542773', 2, 2, 1, '2023-01-26 06:05:19', '2023-01-26 06:05:19'),
(142, '1542773', 2, 2, 1, '2023-01-26 06:06:19', '2023-01-26 06:06:19'),
(143, '1542773', 2, 2, 1, '2023-01-26 06:07:19', '2023-01-26 06:07:19'),
(144, '1542773', 2, 2, 1, '2023-01-26 06:08:19', '2023-01-26 06:08:19'),
(145, '1542773', 2, 2, 1, '2023-01-26 06:09:19', '2023-01-26 06:09:19'),
(146, '1542773', 2, 2, 1, '2023-01-26 06:10:19', '2023-01-26 06:10:19'),
(147, '1542773', 2, 2, 1, '2023-01-26 06:11:19', '2023-01-26 06:11:19'),
(148, '1542773', 2, 2, 1, '2023-01-26 06:12:19', '2023-01-26 06:12:19'),
(149, '1542773', 2, 2, 1, '2023-01-26 06:13:19', '2023-01-26 06:13:19'),
(150, '1542773', 2, 2, 1, '2023-01-26 06:14:19', '2023-01-26 06:14:19'),
(151, '1542773', 2, 2, 1, '2023-01-26 06:15:19', '2023-01-26 06:15:19'),
(152, '1542773', 2, 2, 1, '2023-01-26 06:16:19', '2023-01-26 06:16:19'),
(153, '1542773', 2, 2, 1, '2023-01-26 06:17:19', '2023-01-26 06:17:19'),
(154, '1542773', 2, 2, 1, '2023-01-26 06:18:19', '2023-01-26 06:18:19'),
(155, '1542773', 2, 2, 1, '2023-01-26 06:19:19', '2023-01-26 06:19:19'),
(156, '1542773', 2, 2, 1, '2023-01-26 06:20:19', '2023-01-26 06:20:19'),
(157, '1542773', 2, 2, 1, '2023-01-26 06:21:19', '2023-01-26 06:21:19'),
(158, '1542773', 2, 2, 1, '2023-01-26 06:22:19', '2023-01-26 06:22:19'),
(159, '1542773', 2, 2, 1, '2023-01-26 06:23:19', '2023-01-26 06:23:19'),
(160, '1542773', 2, 2, 1, '2023-01-26 06:24:19', '2023-01-26 06:24:19'),
(161, '1542773', 2, 2, 1, '2023-01-26 06:25:19', '2023-01-26 06:25:19'),
(162, '1542773', 2, 2, 1, '2023-01-26 06:26:20', '2023-01-26 06:26:20'),
(163, '1542773', 2, 2, 1, '2023-01-26 06:27:19', '2023-01-26 06:27:19'),
(164, '1542773', 2, 2, 1, '2023-01-26 06:28:19', '2023-01-26 06:28:19'),
(165, '1542773', 2, 2, 1, '2023-01-26 06:29:19', '2023-01-26 06:29:19'),
(166, '1542773', 2, 2, 1, '2023-01-26 06:30:19', '2023-01-26 06:30:19'),
(167, '1542773', 2, 2, 1, '2023-01-26 06:31:20', '2023-01-26 06:31:20'),
(168, '1542773', 2, 2, 1, '2023-01-26 06:32:19', '2023-01-26 06:32:19'),
(169, '1542773', 2, 2, 1, '2023-01-26 06:33:19', '2023-01-26 06:33:19'),
(170, '1542773', 2, 2, 1, '2023-01-26 06:34:19', '2023-01-26 06:34:19'),
(171, '1542773', 2, 2, 1, '2023-01-26 06:35:20', '2023-01-26 06:35:20'),
(172, '1542773', 2, 2, 1, '2023-01-26 06:36:20', '2023-01-26 06:36:20'),
(173, '1542773', 2, 2, 1, '2023-01-26 06:37:20', '2023-01-26 06:37:20'),
(174, '1542773', 2, 2, 1, '2023-01-26 06:38:20', '2023-01-26 06:38:20'),
(175, '1542773', 2, 2, 1, '2023-01-26 06:39:20', '2023-01-26 06:39:20'),
(176, '1542773', 2, 2, 1, '2023-01-26 06:40:20', '2023-01-26 06:40:20'),
(177, '1542773', 2, 2, 1, '2023-01-26 06:41:20', '2023-01-26 06:41:20'),
(178, '1542773', 2, 2, 1, '2023-01-26 06:42:20', '2023-01-26 06:42:20'),
(179, '1542773', 2, 2, 1, '2023-01-26 06:43:20', '2023-01-26 06:43:20'),
(180, '1542773', 2, 2, 1, '2023-01-26 06:44:20', '2023-01-26 06:44:20'),
(181, '1542773', 2, 2, 1, '2023-01-26 06:45:20', '2023-01-26 06:45:20'),
(182, '1542773', 2, 2, 1, '2023-01-26 06:46:20', '2023-01-26 06:46:20'),
(183, '1542773', 2, 2, 1, '2023-01-26 06:47:20', '2023-01-26 06:47:20'),
(184, '1542773', 2, 16, 4, '2023-01-26 06:49:09', '2023-01-26 06:49:09'),
(185, '1542773', 2, 2, 1, '2023-01-26 06:50:09', '2023-01-26 06:50:09'),
(186, '1542773', 2, 0, 23, '2023-01-26 06:51:09', '2023-01-26 06:51:09'),
(187, '1542773', 2, 2, 1, '2023-01-26 06:52:09', '2023-01-26 06:52:09'),
(188, '1542773', 2, 2, 3, '2023-01-26 06:53:09', '2023-01-26 06:53:09'),
(189, '1542773', 2, 2, 1, '2023-01-26 06:54:09', '2023-01-26 06:54:09'),
(190, '1542773', 2, 18, 3, '2023-01-26 06:55:27', '2023-01-26 06:55:27'),
(191, '1542773', 2, 2, 1, '2023-01-26 06:56:27', '2023-01-26 06:56:27'),
(192, '1542773', 2, 2, 3, '2023-01-26 06:57:27', '2023-01-26 06:57:27'),
(193, '1542773', 2, 2, 1, '2023-01-26 06:58:27', '2023-01-26 06:58:27'),
(194, '1542773', 2, 2, 1, '2023-01-26 06:59:27', '2023-01-26 06:59:27'),
(195, '1542773', 2, 4, 1, '2023-01-26 07:00:27', '2023-01-26 07:00:27'),
(196, '1542773', 2, 2, 1, '2023-01-26 07:01:27', '2023-01-26 07:01:27'),
(197, '1542773', 2, 2, 1, '2023-01-26 07:02:27', '2023-01-26 07:02:27'),
(198, '1542773', 2, 2, 1, '2023-01-26 07:03:27', '2023-01-26 07:03:27'),
(199, '1542773', 2, 2, 1, '2023-01-26 07:04:27', '2023-01-26 07:04:27'),
(200, '1542773', 2, 2, 1, '2023-01-26 07:05:27', '2023-01-26 07:05:27'),
(201, '1542773', 2, 2, 1, '2023-01-26 07:06:27', '2023-01-26 07:06:27'),
(202, '1542773', 2, 2, 1, '2023-01-26 07:07:27', '2023-01-26 07:07:27'),
(203, '1542773', 2, 2, 5, '2023-01-26 07:08:27', '2023-01-26 07:08:27'),
(204, '1542773', 2, 2, 1, '2023-01-26 07:09:27', '2023-01-26 07:09:27'),
(205, '1542773', 2, 2, 3, '2023-01-26 07:10:27', '2023-01-26 07:10:27'),
(206, '1542773', 2, 2, 2, '2023-01-26 07:11:27', '2023-01-26 07:11:27'),
(207, '1542773', 2, 18, 2, '2023-01-26 07:12:55', '2023-01-26 07:12:55'),
(208, '1542773', 2, 0, 8, '2023-01-26 07:13:55', '2023-01-26 07:13:55'),
(209, '1542773', 2, 2, 3, '2023-01-26 07:14:55', '2023-01-26 07:14:55'),
(210, '1542773', 1, 9, 2, '2023-01-26 07:17:07', '2023-01-26 07:17:07'),
(211, '1542773', 1, 1, 1, '2023-01-26 07:18:07', '2023-01-26 07:18:07'),
(212, '1542773', 2, 8, 5, '2023-01-26 07:19:07', '2023-01-26 07:19:07'),
(213, '1542773', 2, 2, 1, '2023-01-26 07:20:07', '2023-01-26 07:20:07'),
(214, '1542773', 2, 10, 2, '2023-01-26 07:21:07', '2023-01-26 07:21:07'),
(215, '1542773', 2, 18, 0, '2023-01-26 07:22:47', '2023-01-26 07:22:47'),
(216, '1542773', 2, 3, 1, '2023-01-26 07:23:47', '2023-01-26 07:23:47'),
(217, '1542773', 2, 3, 1, '2023-01-26 07:24:47', '2023-01-26 07:24:47'),
(218, '1542773', 2, 3, 1, '2023-01-26 07:25:47', '2023-01-26 07:25:47'),
(219, '1542773', 1, 9, 3, '2023-01-26 07:26:52', '2023-01-26 07:26:52'),
(220, '1542773', 1, 2, 1, '2023-01-26 07:27:52', '2023-01-26 07:27:52'),
(221, '1542773', 1, 2, 1, '2023-01-26 07:28:52', '2023-01-26 07:28:52'),
(222, '1542773', 1, 2, 0, '2023-01-26 07:30:52', '2023-01-26 07:30:52'),
(223, '1542773', 1, 10, 0, '2023-01-26 07:32:29', '2023-01-26 07:32:29'),
(224, '1542773', 1, 8, 4, '2023-01-26 07:33:29', '2023-01-26 07:33:29'),
(225, '1542773', 1, 1, 1, '2023-01-26 07:34:29', '2023-01-26 07:34:29'),
(226, '1542773', 1, 1, 1, '2023-01-26 07:35:29', '2023-01-26 07:35:29'),
(227, '1542773', 1, 1, 1, '2023-01-26 07:36:29', '2023-01-26 07:36:29'),
(228, '1542773', 1, 1, 1, '2023-01-26 07:37:29', '2023-01-26 07:37:29'),
(229, '1542773', 1, 1, 1, '2023-01-26 07:38:29', '2023-01-26 07:38:29'),
(230, '1542773', 1, 1, 1, '2023-01-26 07:39:29', '2023-01-26 07:39:29'),
(231, '1542773', 1, 1, 1, '2023-01-26 07:40:29', '2023-01-26 07:40:29'),
(232, '1542773', 1, 1, 1, '2023-01-26 07:41:29', '2023-01-26 07:41:29'),
(233, '1542773', 1, 1, 1, '2023-01-26 07:42:29', '2023-01-26 07:42:29'),
(234, '1542773', 1, 1, 1, '2023-01-26 07:43:29', '2023-01-26 07:43:29'),
(235, '1542773', 1, 1, 1, '2023-01-26 07:44:29', '2023-01-26 07:44:29'),
(236, '1542773', 1, 1, 1, '2023-01-26 07:45:29', '2023-01-26 07:45:29'),
(237, '1542773', 1, 1, 1, '2023-01-26 07:46:29', '2023-01-26 07:46:29'),
(238, '1542773', 1, 9, 2, '2023-01-26 07:48:06', '2023-01-26 07:48:06'),
(239, '1542773', 1, 1, 1, '2023-01-26 07:49:06', '2023-01-26 07:49:06'),
(240, '1542773', 1, 1, 1, '2023-01-26 07:50:06', '2023-01-26 07:50:06'),
(241, '1542773', 1, 1, 1, '2023-01-26 07:51:06', '2023-01-26 07:51:06'),
(242, '1542773', 1, 1, 1, '2023-01-26 07:52:06', '2023-01-26 07:52:06'),
(243, '1542773', 1, 1, 1, '2023-01-26 07:53:06', '2023-01-26 07:53:06'),
(244, '1542773', 1, 1, 1, '2023-01-26 07:54:06', '2023-01-26 07:54:06'),
(245, '1542773', 1, 0, 16, '2023-01-26 07:55:06', '2023-01-26 07:55:06'),
(246, '1542773', 1, 1, 1, '2023-01-26 07:56:06', '2023-01-26 07:56:06'),
(247, '1542773', 1, 1, 1, '2023-01-26 07:57:06', '2023-01-26 07:57:06'),
(248, '1542773', 1, 1, 1, '2023-01-26 07:58:06', '2023-01-26 07:58:06'),
(249, '1542773', 1, 1, 1, '2023-01-26 07:59:06', '2023-01-26 07:59:06'),
(250, '1542773', 1, 1, 1, '2023-01-26 08:00:06', '2023-01-26 08:00:06'),
(251, '1542773', 1, 1, 1, '2023-01-26 08:01:06', '2023-01-26 08:01:06'),
(252, '1542773', 1, 1, 1, '2023-01-26 08:02:06', '2023-01-26 08:02:06'),
(253, '1542773', 1, 1, 1, '2023-01-26 08:03:06', '2023-01-26 08:03:06'),
(254, '1542773', 1, 1, 1, '2023-01-26 08:04:06', '2023-01-26 08:04:06'),
(255, '1542773', 1, 1, 1, '2023-01-26 08:05:06', '2023-01-26 08:05:06'),
(256, '1542773', 1, 1, 1, '2023-01-26 08:06:06', '2023-01-26 08:06:06'),
(257, '1542773', 1, 1, 1, '2023-01-26 08:07:06', '2023-01-26 08:07:06'),
(258, '1542773', 1, 1, 1, '2023-01-26 08:08:06', '2023-01-26 08:08:06'),
(259, '1542773', 1, 2, 1, '2023-01-26 08:09:06', '2023-01-26 08:09:06'),
(260, '1542773', 1, 1, 1, '2023-01-26 08:10:06', '2023-01-26 08:10:06'),
(261, '1542773', 1, 1, 1, '2023-01-26 08:11:06', '2023-01-26 08:11:06'),
(262, '1542773', 1, 1, 1, '2023-01-26 08:12:06', '2023-01-26 08:12:06'),
(263, '1542773', 1, 1, 1, '2023-01-26 08:13:06', '2023-01-26 08:13:06'),
(264, '1542773', 1, 1, 1, '2023-01-26 08:14:06', '2023-01-26 08:14:06'),
(265, '1542773', 1, 1, 1, '2023-01-26 08:15:06', '2023-01-26 08:15:06'),
(266, '1542773', 1, 1, 1, '2023-01-26 08:16:06', '2023-01-26 08:16:06'),
(267, '1542773', 1, 1, 1, '2023-01-26 08:17:06', '2023-01-26 08:17:06'),
(268, '1542773', 1, 1, 1, '2023-01-26 08:18:06', '2023-01-26 08:18:06'),
(269, '1542773', 1, 1, 1, '2023-01-26 08:19:06', '2023-01-26 08:19:06'),
(270, '1542773', 1, 1, 1, '2023-01-26 08:20:06', '2023-01-26 08:20:06'),
(271, '1542773', 1, 1, 1, '2023-01-26 08:21:06', '2023-01-26 08:21:06'),
(272, '1542773', 1, 1, 1, '2023-01-26 08:22:06', '2023-01-26 08:22:06'),
(273, '1542773', 1, 1, 1, '2023-01-26 08:23:06', '2023-01-26 08:23:06'),
(274, '1542773', 1, 1, 1, '2023-01-26 08:24:06', '2023-01-26 08:24:06'),
(275, '1542773', 1, 1, 1, '2023-01-26 08:25:06', '2023-01-26 08:25:06'),
(276, '1542773', 1, 1, 1, '2023-01-26 08:26:06', '2023-01-26 08:26:06'),
(277, '1542773', 1, 1, 1, '2023-01-26 08:27:06', '2023-01-26 08:27:06'),
(278, '1542773', 1, 1, 1, '2023-01-26 08:28:06', '2023-01-26 08:28:06'),
(279, '1542773', 1, 1, 1, '2023-01-26 08:29:06', '2023-01-26 08:29:06'),
(280, '1542773', 1, 1, 1, '2023-01-26 08:30:06', '2023-01-26 08:30:06'),
(281, '1542773', 1, 1, 1, '2023-01-26 08:31:07', '2023-01-26 08:31:07'),
(282, '1542773', 1, 1, 1, '2023-01-26 08:32:06', '2023-01-26 08:32:06'),
(283, '1542773', 1, 1, 1, '2023-01-26 08:33:06', '2023-01-26 08:33:06'),
(284, '1542773', 1, 1, 1, '2023-01-26 08:34:06', '2023-01-26 08:34:06'),
(285, '1542773', 1, 1, 1, '2023-01-26 08:35:06', '2023-01-26 08:35:06'),
(286, '1542773', 1, 1, 1, '2023-01-26 08:36:06', '2023-01-26 08:36:06'),
(287, '1542773', 1, 1, 1, '2023-01-26 08:37:06', '2023-01-26 08:37:06'),
(288, '1542773', 1, 1, 1, '2023-01-26 08:38:07', '2023-01-26 08:38:07'),
(289, '1542773', 1, 1, 1, '2023-01-26 08:39:07', '2023-01-26 08:39:07'),
(290, '1542773', 1, 1, 1, '2023-01-26 08:40:07', '2023-01-26 08:40:07'),
(291, '1542773', 1, 1, 1, '2023-01-26 08:41:07', '2023-01-26 08:41:07'),
(292, '1542773', 1, 11, 2, '2023-01-26 08:42:52', '2023-01-26 08:42:52'),
(293, '1542773', 0, 0, 2, '2023-01-26 08:44:01', '2023-01-26 08:44:01'),
(294, '1542773', 0, 0, 1, '2023-01-26 08:45:01', '2023-01-26 08:45:01'),
(295, '1542773', 0, 0, 1, '2023-01-26 08:46:01', '2023-01-26 08:46:01'),
(296, '1542773', 1, 8, 5, '2023-01-26 08:47:01', '2023-01-26 08:47:01'),
(297, '1542773', 1, 4, 2, '2023-01-26 08:48:01', '2023-01-26 08:48:01'),
(298, '1542773', 1, 5, 1, '2023-01-26 08:49:01', '2023-01-26 08:49:01'),
(299, '1542773', 1, 1, 1, '2023-01-26 08:50:01', '2023-01-26 08:50:01'),
(300, '1542773', 1, 1, 1, '2023-01-26 08:51:01', '2023-01-26 08:51:01'),
(301, '1542773', 1, 1, 1, '2023-01-26 08:52:01', '2023-01-26 08:52:01'),
(302, '1542773', 1, 1, 1, '2023-01-26 08:53:01', '2023-01-26 08:53:01'),
(303, '1542773', 1, 1, 1, '2023-01-26 08:54:01', '2023-01-26 08:54:01'),
(304, '1542773', 1, 1, 1, '2023-01-26 08:55:01', '2023-01-26 08:55:01'),
(305, '1542773', 1, 1, 1, '2023-01-26 08:56:01', '2023-01-26 08:56:01'),
(306, '1542773', 1, 1, 1, '2023-01-26 08:57:01', '2023-01-26 08:57:01'),
(307, '1542773', 4, 4, 5, '2023-01-26 08:58:01', '2023-01-26 08:58:01'),
(308, '1542773', 4, 7, 2, '2023-01-26 08:59:01', '2023-01-26 08:59:01'),
(309, '1542773', 4, 4, 2, '2023-01-26 09:00:01', '2023-01-26 09:00:01'),
(310, '1542773', 4, 7, 1, '2023-01-26 09:01:01', '2023-01-26 09:01:01'),
(311, '1542773', 4, 7, 1, '2023-01-26 09:02:01', '2023-01-26 09:02:01'),
(312, '1542773', 4, 7, 1, '2023-01-26 09:03:01', '2023-01-26 09:03:01'),
(313, '1542773', 13, 18, 1, '2023-01-26 09:04:01', '2023-01-26 09:04:01'),
(314, '1542773', 16, 31, 1, '2023-01-26 09:05:01', '2023-01-26 09:05:01'),
(315, '1542773', 16, 16, 2, '2023-01-26 09:06:01', '2023-01-26 09:06:01'),
(316, '1542773', 12, 23, 1, '2023-01-26 09:07:01', '2023-01-26 09:07:01'),
(317, '1542773', 13, 25, 1, '2023-01-26 09:08:01', '2023-01-26 09:08:01'),
(318, '1542773', 14, 26, 1, '2023-01-26 09:09:01', '2023-01-26 09:09:01'),
(319, '1542773', 14, 27, 1, '2023-01-26 09:10:01', '2023-01-26 09:10:01'),
(320, '1542773', 14, 26, 1, '2023-01-26 09:11:01', '2023-01-26 09:11:01'),
(321, '1542773', 14, 26, 1, '2023-01-26 09:12:01', '2023-01-26 09:12:01'),
(322, '1542773', 10, 35, 4, '2023-01-26 09:13:41', '2023-01-26 09:13:41'),
(323, '1542773', 10, 18, 3, '2023-01-26 09:14:41', '2023-01-26 09:14:41'),
(324, '1542773', 9, 16, 1, '2023-01-26 09:15:41', '2023-01-26 09:15:41'),
(325, '1542773', 9, 18, 1, '2023-01-26 09:16:41', '2023-01-26 09:16:41'),
(326, '1542773', 11, 22, 2, '2023-01-26 09:17:41', '2023-01-26 09:17:41'),
(327, '1542773', 8, 23, 1, '2023-01-26 09:18:41', '2023-01-26 09:18:41'),
(328, '1542773', 8, 24, 1, '2023-01-26 09:19:41', '2023-01-26 09:19:41'),
(329, '1542773', 2, 9, 1, '2023-01-26 09:22:48', '2023-01-26 09:22:48'),
(330, '1542773', 4, 13, 1, '2023-01-26 09:23:48', '2023-01-26 09:23:48'),
(331, '1542773', 4, 21, 1, '2023-01-26 09:24:48', '2023-01-26 09:24:48'),
(332, '1542773', 4, 19, 1, '2023-01-26 09:25:48', '2023-01-26 09:25:48'),
(333, '1542773', 8, 32, 5, '2023-01-26 09:26:48', '2023-01-26 09:26:48'),
(334, '1542773', 8, 30, 1, '2023-01-26 09:27:48', '2023-01-26 09:27:48'),
(335, '1542773', 8, 29, 1, '2023-01-26 09:28:48', '2023-01-26 09:28:48'),
(336, '1542773', 2, 4, 2, '2023-01-26 09:30:02', '2023-01-26 09:30:02'),
(337, '1542773', 1, 4, 1, '2023-01-26 09:31:02', '2023-01-26 09:31:02'),
(338, '1542773', 8, 19, 0, '2023-01-26 09:32:59', '2023-01-26 09:32:59'),
(339, '1542773', 5, 24, 1, '2023-01-26 09:33:59', '2023-01-26 09:33:59'),
(340, '1542773', 4, 21, 1, '2023-01-26 09:34:59', '2023-01-26 09:34:59'),
(341, '1542773', 5, 23, 1, '2023-01-26 09:35:59', '2023-01-26 09:35:59'),
(342, '1542773', 5, 22, 1, '2023-01-26 09:36:59', '2023-01-26 09:36:59'),
(343, '1542773', 5, 25, 1, '2023-01-26 09:37:59', '2023-01-26 09:37:59'),
(344, '1542773', 4, 20, 1, '2023-01-26 09:38:59', '2023-01-26 09:38:59'),
(345, '1542773', 2, 4, 0, '2023-01-26 09:40:47', '2023-01-26 09:40:47'),
(346, '1542773', 2, 5, 1, '2023-01-26 09:41:47', '2023-01-26 09:41:47'),
(347, '1542773', 2, 5, 1, '2023-01-26 09:42:47', '2023-01-26 09:42:47'),
(348, '1542773', 2, 6, 1, '2023-01-26 09:43:46', '2023-01-26 09:43:46'),
(349, '1542773', 3, 7, 1, '2023-01-26 09:44:47', '2023-01-26 09:44:47'),
(350, '1542773', 2, 6, 1, '2023-01-26 09:45:47', '2023-01-26 09:45:47'),
(351, '1542773', 2, 3, 0, '2023-01-26 09:47:28', '2023-01-26 09:47:28'),
(352, '1542773', 1, 4, 1, '2023-01-26 09:48:28', '2023-01-26 09:48:28'),
(353, '1542773', 1, 5, 1, '2023-01-26 09:49:28', '2023-01-26 09:49:28'),
(354, '1542773', 1, 4, 1, '2023-01-26 09:50:28', '2023-01-26 09:50:28'),
(355, '1542773', 1, 4, 1, '2023-01-26 09:51:28', '2023-01-26 09:51:28'),
(356, '1542773', 1, 4, 1, '2023-01-26 09:52:28', '2023-01-26 09:52:28'),
(357, '1542773', 1, 4, 1, '2023-01-26 09:53:28', '2023-01-26 09:53:28'),
(358, '1542773', 1, 4, 1, '2023-01-26 09:54:28', '2023-01-26 09:54:28'),
(359, '1542773', 1, 3, 0, '2023-01-26 09:56:29', '2023-01-26 09:56:29'),
(360, '1542773', 1, 2, 1, '2023-01-26 09:57:29', '2023-01-26 09:57:29'),
(361, '1542773', 1, 2, 1, '2023-01-26 09:58:29', '2023-01-26 09:58:29'),
(362, '1542773', 1, 2, 1, '2023-01-26 09:59:29', '2023-01-26 09:59:29'),
(363, '1542773', 1, 2, 1, '2023-01-26 10:00:29', '2023-01-26 10:00:29'),
(364, '1542773', 1, 2, 1, '2023-01-26 10:01:29', '2023-01-26 10:01:29'),
(365, '1542773', 1, 2, 1, '2023-01-26 10:02:29', '2023-01-26 10:02:29'),
(366, '1542773', 1, 2, 1, '2023-01-26 10:03:29', '2023-01-26 10:03:29'),
(367, '1542773', 2, 3, 1, '2023-01-26 10:04:29', '2023-01-26 10:04:29'),
(368, '1542773', 1, 2, 1, '2023-01-26 10:05:29', '2023-01-26 10:05:29'),
(369, '1542773', 1, 2, 1, '2023-01-26 10:06:29', '2023-01-26 10:06:29'),
(370, '1542773', 1, 2, 1, '2023-01-26 10:07:29', '2023-01-26 10:07:29'),
(371, '1542773', 1, 2, 1, '2023-01-26 10:08:29', '2023-01-26 10:08:29'),
(372, '1542773', 1, 2, 1, '2023-01-26 10:09:29', '2023-01-26 10:09:29'),
(373, '1542773', 1, 2, 1, '2023-01-26 10:10:29', '2023-01-26 10:10:29'),
(374, '1542773', 1, 2, 1, '2023-01-26 10:11:29', '2023-01-26 10:11:29'),
(375, '1542773', 1, 2, 1, '2023-01-26 10:12:29', '2023-01-26 10:12:29'),
(376, '1542773', 1, 3, 1, '2023-01-26 10:13:29', '2023-01-26 10:13:29'),
(377, '1542773', 1, 2, 1, '2023-01-26 10:14:29', '2023-01-26 10:14:29'),
(378, '1542773', 1, 1, 1, '2023-01-26 10:15:29', '2023-01-26 10:15:29'),
(379, '1542773', 1, 2, 1, '2023-01-26 10:16:29', '2023-01-26 10:16:29'),
(380, '1542773', 1, 2, 0, '2023-01-26 10:20:25', '2023-01-26 10:20:25'),
(381, '1542773', 2, 6, 0, '2023-01-26 10:21:47', '2023-01-26 10:21:47'),
(382, '1542773', 2, 6, 1, '2023-01-26 10:22:47', '2023-01-26 10:22:47'),
(383, '1542773', 1, 2, 1, '2023-01-26 10:23:47', '2023-01-26 10:23:47'),
(384, '1542773', 1, 2, 1, '2023-01-26 10:24:47', '2023-01-26 10:24:47'),
(385, '1542773', 1, 2, 1, '2023-01-26 10:25:47', '2023-01-26 10:25:47'),
(386, '1542773', 1, 2, 1, '2023-01-26 10:26:47', '2023-01-26 10:26:47'),
(387, '1542773', 1, 2, 1, '2023-01-26 10:27:47', '2023-01-26 10:27:47'),
(388, '1542773', 2, 3, 1, '2023-01-26 10:28:47', '2023-01-26 10:28:47'),
(389, '1542773', 2, 4, 1, '2023-01-26 10:29:47', '2023-01-26 10:29:47'),
(390, '1542773', 2, 3, 1, '2023-01-26 10:30:47', '2023-01-26 10:30:47'),
(391, '1542773', 1, 3, 1, '2023-01-26 10:31:47', '2023-01-26 10:31:47'),
(392, '1542773', 1, 3, 0, '2023-01-26 10:33:20', '2023-01-26 10:33:20'),
(393, '1542773', 1, 2, 1, '2023-01-26 10:34:20', '2023-01-26 10:34:20'),
(394, '1542773', 1, 2, 1, '2023-01-26 10:35:20', '2023-01-26 10:35:20'),
(395, '1542773', 1, 2, 1, '2023-01-26 10:36:20', '2023-01-26 10:36:20'),
(396, '1542773', 1, 1, 1, '2023-01-26 10:37:20', '2023-01-26 10:37:20'),
(397, '1542773', 1, 2, 1, '2023-01-26 10:38:20', '2023-01-26 10:38:20'),
(398, '1542773', 2, 4, 1, '2023-01-26 10:39:20', '2023-01-26 10:39:20'),
(399, '1542773', 2, 9, 1, '2023-01-26 10:40:20', '2023-01-26 10:40:20'),
(400, '1542773', 2, 2, 1, '2023-01-26 10:41:20', '2023-01-26 10:41:20'),
(401, '1542773', 1, 7, 2, '2023-01-26 10:42:20', '2023-01-26 10:42:20'),
(402, '1542773', 1, 2, 1, '2023-01-26 10:43:20', '2023-01-26 10:43:20'),
(403, '1542773', 1, 2, 1, '2023-01-26 10:44:20', '2023-01-26 10:44:20'),
(404, '1542773', 1, 1, 1, '2023-01-26 10:45:20', '2023-01-26 10:45:20'),
(405, '1542773', 0, 0, 1, '2023-01-27 03:05:51', '2023-01-27 03:05:51'),
(406, '1542773', 9, 12, 1, '2023-01-27 03:06:47', '2023-01-27 03:06:47'),
(407, '1542773', 3, 6, 1, '2023-01-27 03:07:48', '2023-01-27 03:07:48'),
(408, '1542773', 3, 6, 1, '2023-01-27 03:08:48', '2023-01-27 03:08:48'),
(409, '1542773', 3, 6, 1, '2023-01-27 03:09:48', '2023-01-27 03:09:48'),
(410, '1542773', 3, 5, 1, '2023-01-27 03:10:48', '2023-01-27 03:10:48'),
(411, '1542773', 3, 6, 1, '2023-01-27 03:11:53', '2023-01-27 03:11:53'),
(412, '1542773', 3, 6, 1, '2023-01-27 03:12:48', '2023-01-27 03:12:48'),
(413, '1542773', 3, 6, 1, '2023-01-27 03:13:48', '2023-01-27 03:13:48'),
(414, '1542773', 3, 6, 1, '2023-01-27 03:14:48', '2023-01-27 03:14:48'),
(415, '1542773', 3, 6, 1, '2023-01-27 03:15:48', '2023-01-27 03:15:48'),
(416, '1542773', 3, 6, 1, '2023-01-27 03:16:48', '2023-01-27 03:16:48'),
(417, '1542773', 3, 6, 1, '2023-01-27 03:17:48', '2023-01-27 03:17:48'),
(418, '1542773', 3, 6, 1, '2023-01-27 03:18:48', '2023-01-27 03:18:48'),
(419, '1542773', 3, 6, 1, '2023-01-27 03:19:48', '2023-01-27 03:19:48'),
(420, '1542773', 3, 5, 1, '2023-01-27 03:20:48', '2023-01-27 03:20:48'),
(421, '1542773', 3, 5, 1, '2023-01-27 03:21:48', '2023-01-27 03:21:48'),
(422, '1542773', 3, 6, 1, '2023-01-27 03:22:48', '2023-01-27 03:22:48'),
(423, '1542773', 3, 6, 1, '2023-01-27 03:23:48', '2023-01-27 03:23:48'),
(424, '1542773', 3, 6, 1, '2023-01-27 03:24:48', '2023-01-27 03:24:48'),
(425, '1542773', 3, 6, 1, '2023-01-27 03:25:48', '2023-01-27 03:25:48'),
(426, '1542773', 3, 5, 1, '2023-01-27 03:26:48', '2023-01-27 03:26:48'),
(427, '1542773', 3, 6, 1, '2023-01-27 03:27:48', '2023-01-27 03:27:48'),
(428, '1542773', 3, 6, 1, '2023-01-27 03:28:48', '2023-01-27 03:28:48'),
(429, '1542773', 3, 6, 1, '2023-01-27 03:29:48', '2023-01-27 03:29:48'),
(430, '1542773', 3, 6, 1, '2023-01-27 03:30:48', '2023-01-27 03:30:48'),
(431, '1542773', 3, 6, 1, '2023-01-27 03:31:48', '2023-01-27 03:31:48'),
(432, '1542773', 3, 6, 1, '2023-01-27 03:32:48', '2023-01-27 03:32:48'),
(433, '1542773', 3, 6, 1, '2023-01-27 03:33:48', '2023-01-27 03:33:48'),
(434, '1542773', 3, 6, 1, '2023-01-27 03:34:48', '2023-01-27 03:34:48'),
(435, '1542773', 3, 5, 1, '2023-01-27 03:35:48', '2023-01-27 03:35:48'),
(436, '1542773', 3, 5, 1, '2023-01-27 03:36:48', '2023-01-27 03:36:48'),
(437, '1542773', 3, 6, 1, '2023-01-27 03:37:48', '2023-01-27 03:37:48'),
(438, '1542773', 3, 6, 1, '2023-01-27 03:38:48', '2023-01-27 03:38:48'),
(439, '1542773', 3, 7, 1, '2023-01-27 03:39:48', '2023-01-27 03:39:48'),
(440, '1542773', 3, 7, 1, '2023-01-27 03:40:48', '2023-01-27 03:40:48'),
(441, '1542773', 3, 5, 1, '2023-01-27 03:41:48', '2023-01-27 03:41:48'),
(442, '1542773', 6, 11, 1, '2023-01-27 03:42:48', '2023-01-27 03:42:48'),
(443, '1542773', 5, 10, 1, '2023-01-27 03:43:48', '2023-01-27 03:43:48'),
(444, '1542773', 5, 10, 1, '2023-01-27 03:44:48', '2023-01-27 03:44:48'),
(445, '1542773', 11, 23, 1, '2023-01-27 03:45:48', '2023-01-27 03:45:48'),
(446, '1542773', 13, 32, 1, '2023-01-27 03:46:48', '2023-01-27 03:46:48'),
(447, '1542773', 13, 25, 1, '2023-01-27 03:47:48', '2023-01-27 03:47:48'),
(448, '1542773', 13, 27, 1, '2023-01-27 03:48:48', '2023-01-27 03:48:48'),
(449, '1542773', 17, 34, 1, '2023-01-27 03:49:48', '2023-01-27 03:49:48'),
(450, '1542773', 17, 33, 1, '2023-01-27 03:50:48', '2023-01-27 03:50:48'),
(451, '1542773', 17, 32, 1, '2023-01-27 03:51:48', '2023-01-27 03:51:48'),
(452, '1542773', 17, 33, 1, '2023-01-27 03:52:48', '2023-01-27 03:52:48'),
(453, '1542773', 17, 33, 1, '2023-01-27 03:53:48', '2023-01-27 03:53:48'),
(454, '1542773', 17, 32, 1, '2023-01-27 03:54:48', '2023-01-27 03:54:48'),
(455, '1542773', 17, 33, 1, '2023-01-27 03:55:48', '2023-01-27 03:55:48'),
(456, '1542773', 20, 36, 1, '2023-01-27 03:56:48', '2023-01-27 03:56:48'),
(457, '1542773', 22, 43, 1, '2023-01-27 03:57:48', '2023-01-27 03:57:48'),
(458, '1542773', 23, 45, 1, '2023-01-27 03:58:48', '2023-01-27 03:58:48'),
(459, '1542773', 23, 44, 1, '2023-01-27 03:59:48', '2023-01-27 03:59:48'),
(460, '1542773', 23, 45, 1, '2023-01-27 04:00:48', '2023-01-27 04:00:48'),
(461, '1542773', 23, 45, 0, '2023-01-27 04:02:33', '2023-01-27 04:02:33'),
(462, '1542773', 23, 52, 1, '2023-01-27 04:03:32', '2023-01-27 04:03:32'),
(463, '1542773', 17, 34, 0, '2023-01-27 04:04:59', '2023-01-27 04:04:59'),
(464, '1542773', 24, 44, 1, '2023-01-27 04:05:59', '2023-01-27 04:05:59'),
(465, '1542773', 24, 47, 1, '2023-01-27 04:06:59', '2023-01-27 04:06:59'),
(466, '1542773', 24, 48, 1, '2023-01-27 04:07:59', '2023-01-27 04:07:59'),
(467, '1542773', 20, 40, 0, '2023-01-27 04:09:58', '2023-01-27 04:09:58'),
(468, '1542773', 20, 40, 1, '2023-01-27 04:10:58', '2023-01-27 04:10:58'),
(469, '1542773', 20, 40, 1, '2023-01-27 04:11:58', '2023-01-27 04:11:58'),
(470, '1542773', 20, 40, 1, '2023-01-27 04:12:58', '2023-01-27 04:12:58'),
(471, '1542773', 7, 11, 0, '2023-01-27 05:22:10', '2023-01-27 05:22:10'),
(472, '1542773', 7, 16, 1, '2023-01-27 05:23:09', '2023-01-27 05:23:09'),
(473, '1542773', 8, 23, 1, '2023-01-27 05:24:09', '2023-01-27 05:24:09'),
(474, '1542773', 8, 14, 2, '2023-01-27 05:25:09', '2023-01-27 05:25:09'),
(475, '1542773', 8, 14, 1, '2023-01-27 05:26:09', '2023-01-27 05:26:09'),
(476, '1542773', 8, 12, 1, '2023-01-27 05:27:09', '2023-01-27 05:27:09'),
(477, '1542773', 8, 15, 1, '2023-01-27 05:28:09', '2023-01-27 05:28:09'),
(478, '1542773', 8, 15, 1, '2023-01-27 05:29:09', '2023-01-27 05:29:09'),
(479, '1542773', 8, 15, 1, '2023-01-27 05:30:09', '2023-01-27 05:30:09'),
(480, '1542773', 8, 15, 1, '2023-01-27 05:31:09', '2023-01-27 05:31:09'),
(481, '1542773', 8, 15, 1, '2023-01-27 05:32:09', '2023-01-27 05:32:09'),
(482, '1542773', 8, 15, 1, '2023-01-27 05:33:09', '2023-01-27 05:33:09'),
(483, '1542773', 8, 15, 1, '2023-01-27 05:34:09', '2023-01-27 05:34:09'),
(484, '1542773', 8, 15, 1, '2023-01-27 05:35:09', '2023-01-27 05:35:09'),
(485, '1542773', 8, 15, 1, '2023-01-27 05:36:09', '2023-01-27 05:36:09'),
(486, '1542773', 8, 15, 1, '2023-01-27 05:37:09', '2023-01-27 05:37:09'),
(487, '1542773', 8, 15, 1, '2023-01-27 05:38:09', '2023-01-27 05:38:09'),
(488, '1542773', 8, 14, 1, '2023-01-27 05:39:09', '2023-01-27 05:39:09'),
(489, '1542773', 8, 14, 1, '2023-01-27 05:40:09', '2023-01-27 05:40:09'),
(490, '1542773', 8, 14, 1, '2023-01-27 05:41:09', '2023-01-27 05:41:09'),
(491, '1542773', 8, 11, 1, '2023-01-27 05:42:09', '2023-01-27 05:42:09'),
(492, '1542773', 8, 15, 1, '2023-01-27 05:43:09', '2023-01-27 05:43:09'),
(493, '1542773', 8, 15, 1, '2023-01-27 05:44:09', '2023-01-27 05:44:09'),
(494, '1542773', 8, 15, 1, '2023-01-27 05:45:09', '2023-01-27 05:45:09'),
(495, '1542773', 8, 15, 1, '2023-01-27 05:46:09', '2023-01-27 05:46:09'),
(496, '1542773', 8, 15, 1, '2023-01-27 05:47:09', '2023-01-27 05:47:09'),
(497, '1542773', 8, 15, 1, '2023-01-27 05:48:09', '2023-01-27 05:48:09'),
(498, '1542773', 8, 15, 1, '2023-01-27 05:49:09', '2023-01-27 05:49:09'),
(499, '1542773', 8, 15, 1, '2023-01-27 05:50:09', '2023-01-27 05:50:09'),
(500, '1542773', 8, 15, 1, '2023-01-27 05:51:09', '2023-01-27 05:51:09'),
(501, '1542773', 8, 15, 1, '2023-01-27 05:52:09', '2023-01-27 05:52:09'),
(502, '1542773', 8, 15, 1, '2023-01-27 05:53:09', '2023-01-27 05:53:09'),
(503, '1542773', 8, 14, 1, '2023-01-27 05:54:09', '2023-01-27 05:54:09'),
(504, '1542773', 8, 14, 1, '2023-01-27 05:55:09', '2023-01-27 05:55:09'),
(505, '1542773', 8, 14, 1, '2023-01-27 05:56:09', '2023-01-27 05:56:09'),
(506, '1542773', 8, 14, 1, '2023-01-27 05:57:09', '2023-01-27 05:57:09'),
(507, '1542773', 8, 12, 1, '2023-01-27 05:58:09', '2023-01-27 05:58:09'),
(508, '1542773', 8, 15, 1, '2023-01-27 05:59:09', '2023-01-27 05:59:09'),
(509, '1542773', 8, 15, 1, '2023-01-27 06:00:09', '2023-01-27 06:00:09'),
(510, '1542773', 8, 15, 1, '2023-01-27 06:01:09', '2023-01-27 06:01:09'),
(511, '1542773', 8, 15, 1, '2023-01-27 06:02:09', '2023-01-27 06:02:09'),
(512, '1542773', 8, 15, 1, '2023-01-27 06:03:09', '2023-01-27 06:03:09'),
(513, '1542773', 8, 15, 1, '2023-01-27 06:04:09', '2023-01-27 06:04:09'),
(514, '1542773', 8, 15, 1, '2023-01-27 06:05:09', '2023-01-27 06:05:09'),
(515, '1542773', 8, 15, 1, '2023-01-27 06:06:10', '2023-01-27 06:06:10'),
(516, '1542773', 8, 15, 1, '2023-01-27 06:07:10', '2023-01-27 06:07:10'),
(517, '1542773', 8, 15, 1, '2023-01-27 06:08:10', '2023-01-27 06:08:10'),
(518, '1542773', 8, 15, 1, '2023-01-27 06:09:10', '2023-01-27 06:09:10'),
(519, '1542773', 8, 14, 1, '2023-01-27 06:10:10', '2023-01-27 06:10:10'),
(520, '1542773', 8, 14, 1, '2023-01-27 06:11:10', '2023-01-27 06:11:10'),
(521, '1542773', 8, 14, 1, '2023-01-27 06:12:10', '2023-01-27 06:12:10'),
(522, '1542773', 8, 11, 1, '2023-01-27 06:13:10', '2023-01-27 06:13:10'),
(523, '1542773', 8, 15, 1, '2023-01-27 06:14:10', '2023-01-27 06:14:10'),
(524, '1542773', 8, 15, 1, '2023-01-27 06:15:10', '2023-01-27 06:15:10'),
(525, '1542773', 8, 15, 1, '2023-01-27 06:16:10', '2023-01-27 06:16:10'),
(526, '1542773', 8, 15, 1, '2023-01-27 06:17:10', '2023-01-27 06:17:10'),
(527, '1542773', 8, 15, 1, '2023-01-27 06:18:10', '2023-01-27 06:18:10'),
(528, '1542773', 8, 15, 1, '2023-01-27 06:19:10', '2023-01-27 06:19:10'),
(529, '1542773', 8, 15, 1, '2023-01-27 06:20:10', '2023-01-27 06:20:10'),
(530, '1542773', 8, 15, 1, '2023-01-27 06:21:10', '2023-01-27 06:21:10'),
(531, '1542773', 8, 15, 1, '2023-01-27 06:22:09', '2023-01-27 06:22:09'),
(532, '1542773', 8, 15, 1, '2023-01-27 06:23:10', '2023-01-27 06:23:10'),
(533, '1542773', 8, 15, 1, '2023-01-27 06:24:10', '2023-01-27 06:24:10'),
(534, '1542773', 8, 14, 1, '2023-01-27 06:25:10', '2023-01-27 06:25:10'),
(535, '1542773', 8, 16, 1, '2023-01-27 06:26:10', '2023-01-27 06:26:10'),
(536, '1542773', 9, 16, 3, '2023-01-27 06:27:10', '2023-01-27 06:27:10'),
(537, '1542773', 9, 17, 6, '2023-01-27 06:28:10', '2023-01-27 06:28:10'),
(538, '1542773', 8, 13, 5, '2023-01-27 06:29:10', '2023-01-27 06:29:10'),
(539, '1542773', 9, 19, 5, '2023-01-27 06:30:10', '2023-01-27 06:30:10'),
(540, '1542773', 8, 18, 4, '2023-01-27 06:31:10', '2023-01-27 06:31:10'),
(541, '1542773', 10, 28, 5, '2023-01-27 06:32:10', '2023-01-27 06:32:10'),
(542, '1542773', 9, 16, 2, '2023-01-27 06:33:10', '2023-01-27 06:33:10'),
(543, '1542773', 9, 17, 1, '2023-01-27 06:34:10', '2023-01-27 06:34:10'),
(544, '1542773', 9, 17, 1, '2023-01-27 06:35:10', '2023-01-27 06:35:10'),
(545, '1542773', 8, 12, 1, '2023-01-27 06:36:10', '2023-01-27 06:36:10'),
(546, '1542773', 2, 6, 1, '2023-01-27 06:37:10', '2023-01-27 06:37:10'),
(547, '1542773', 2, 6, 1, '2023-01-27 06:38:10', '2023-01-27 06:38:10'),
(548, '1542773', 2, 6, 1, '2023-01-27 06:39:10', '2023-01-27 06:39:10'),
(549, '1542773', 2, 2, 1, '2023-01-27 06:40:10', '2023-01-27 06:40:10'),
(550, '1542773', 2, 3, 1, '2023-01-27 06:41:10', '2023-01-27 06:41:10'),
(551, '1542773', 2, 3, 1, '2023-01-27 06:42:10', '2023-01-27 06:42:10'),
(552, '1542773', 1, 1, 1, '2023-01-27 06:43:10', '2023-01-27 06:43:10'),
(553, '1542773', 1, 1, 1, '2023-01-27 06:44:10', '2023-01-27 06:44:10'),
(554, '1542773', 1, 1, 1, '2023-01-27 06:45:10', '2023-01-27 06:45:10'),
(555, '1542773', 1, 1, 1, '2023-01-27 06:46:10', '2023-01-27 06:46:10'),
(556, '1542773', 2, 1, 1, '2023-01-27 06:47:10', '2023-01-27 06:47:10'),
(557, '1542773', 1, 3, 1, '2023-01-27 06:48:10', '2023-01-27 06:48:10'),
(558, '1542773', 1, 3, 1, '2023-01-27 06:49:10', '2023-01-27 06:49:10'),
(559, '1542773', 1, 3, 1, '2023-01-27 06:50:10', '2023-01-27 06:50:10'),
(560, '1542773', 1, 3, 1, '2023-01-27 06:51:10', '2023-01-27 06:51:10'),
(561, '1542773', 1, 3, 1, '2023-01-27 06:52:10', '2023-01-27 06:52:10'),
(562, '1542773', 1, 3, 1, '2023-01-27 06:53:10', '2023-01-27 06:53:10'),
(563, '1542773', 1, 3, 1, '2023-01-27 06:54:10', '2023-01-27 06:54:10'),
(564, '1542773', 1, 3, 1, '2023-01-27 06:55:10', '2023-01-27 06:55:10'),
(565, '1542773', 1, 2, 1, '2023-01-27 06:56:10', '2023-01-27 06:56:10'),
(566, '1542773', 1, 3, 1, '2023-01-27 06:57:10', '2023-01-27 06:57:10'),
(567, '1542773', 1, 3, 1, '2023-01-27 06:58:10', '2023-01-27 06:58:10'),
(568, '1542773', 1, 3, 1, '2023-01-27 06:59:10', '2023-01-27 06:59:10'),
(569, '1542773', 1, 3, 1, '2023-01-27 07:00:10', '2023-01-27 07:00:10'),
(570, '1542773', 1, 3, 1, '2023-01-27 07:01:10', '2023-01-27 07:01:10'),
(571, '1542773', 1, 3, 1, '2023-01-27 07:02:10', '2023-01-27 07:02:10'),
(572, '1542773', 1, 3, 1, '2023-01-27 07:03:10', '2023-01-27 07:03:10'),
(573, '1542773', 1, 3, 1, '2023-01-27 07:04:10', '2023-01-27 07:04:10'),
(574, '1542773', 1, 3, 1, '2023-01-27 07:05:10', '2023-01-27 07:05:10'),
(575, '1542773', 1, 3, 1, '2023-01-27 07:06:10', '2023-01-27 07:06:10'),
(576, '1542773', 1, 3, 3, '2023-01-27 07:07:10', '2023-01-27 07:07:10'),
(577, '1542773', 1, 3, 1, '2023-01-27 07:08:10', '2023-01-27 07:08:10'),
(578, '1542773', 1, 3, 1, '2023-01-27 07:09:10', '2023-01-27 07:09:10'),
(579, '1542773', 1, 3, 1, '2023-01-27 07:10:10', '2023-01-27 07:10:10'),
(580, '1542773', 1, 2, 1, '2023-01-27 07:11:10', '2023-01-27 07:11:10'),
(581, '1542773', 1, 3, 1, '2023-01-27 07:12:10', '2023-01-27 07:12:10'),
(582, '1542773', 1, 3, 1, '2023-01-27 07:13:10', '2023-01-27 07:13:10'),
(583, '1542773', 1, 3, 1, '2023-01-27 07:14:10', '2023-01-27 07:14:10'),
(584, '1542773', 1, 3, 1, '2023-01-27 07:15:10', '2023-01-27 07:15:10'),
(585, '1542773', 1, 3, 1, '2023-01-27 07:16:10', '2023-01-27 07:16:10'),
(586, '1542773', 1, 3, 1, '2023-01-27 07:17:10', '2023-01-27 07:17:10'),
(587, '1542773', 1, 3, 1, '2023-01-27 07:18:10', '2023-01-27 07:18:10'),
(588, '1542773', 1, 3, 1, '2023-01-27 07:19:10', '2023-01-27 07:19:10'),
(589, '1542773', 1, 3, 1, '2023-01-27 07:20:10', '2023-01-27 07:20:10'),
(590, '1542773', 1, 3, 1, '2023-01-27 07:21:10', '2023-01-27 07:21:10'),
(591, '1542773', 1, 3, 1, '2023-01-27 07:22:10', '2023-01-27 07:22:10'),
(592, '1542773', 1, 3, 1, '2023-01-27 07:23:10', '2023-01-27 07:23:10'),
(593, '1542773', 1, 3, 1, '2023-01-27 07:24:10', '2023-01-27 07:24:10'),
(594, '1542773', 1, 2, 1, '2023-01-27 07:25:10', '2023-01-27 07:25:10'),
(595, '1542773', 1, 1, 1, '2023-01-27 07:26:10', '2023-01-27 07:26:10'),
(596, '1542773', 1, 1, 1, '2023-01-27 07:27:10', '2023-01-27 07:27:10'),
(597, '1542773', 1, 1, 1, '2023-01-27 07:28:10', '2023-01-27 07:28:10'),
(598, '1542773', 1, 0, 1, '2023-01-27 07:29:10', '2023-01-27 07:29:10'),
(599, '1542773', 0, 0, 1, '2023-01-27 07:30:10', '2023-01-27 07:30:10'),
(600, '1542773', 0, 0, 1, '2023-01-27 07:31:10', '2023-01-27 07:31:10'),
(601, '1542773', 0, 0, 1, '2023-01-27 07:32:10', '2023-01-27 07:32:10'),
(602, '1542773', 0, 0, 1, '2023-01-27 07:33:10', '2023-01-27 07:33:10'),
(603, '1542773', 0, 0, 1, '2023-01-27 07:34:10', '2023-01-27 07:34:10'),
(604, '1542773', 0, 0, 1, '2023-01-27 07:35:10', '2023-01-27 07:35:10'),
(605, '1542773', 0, 0, 1, '2023-01-27 07:36:10', '2023-01-27 07:36:10'),
(606, '1542773', 0, 0, 1, '2023-01-27 07:37:10', '2023-01-27 07:37:10'),
(607, '1542773', 0, 0, 1, '2023-01-27 07:38:10', '2023-01-27 07:38:10'),
(608, '1542773', 0, 0, 1, '2023-01-27 07:39:10', '2023-01-27 07:39:10'),
(609, '1542773', 0, 0, 1, '2023-01-27 07:40:10', '2023-01-27 07:40:10'),
(610, '1542773', 0, 0, 1, '2023-01-27 07:41:10', '2023-01-27 07:41:10'),
(611, '1542773', 0, 0, 1, '2023-01-27 07:42:10', '2023-01-27 07:42:10'),
(612, '1542773', 0, 0, 1, '2023-01-27 07:43:10', '2023-01-27 07:43:10'),
(613, '1542773', 0, 0, 1, '2023-01-27 07:44:10', '2023-01-27 07:44:10'),
(614, '1542773', 0, 0, 1, '2023-01-27 07:45:10', '2023-01-27 07:45:10'),
(615, '1542773', 0, 0, 1, '2023-01-27 07:46:10', '2023-01-27 07:46:10'),
(616, '1542773', 0, 0, 1, '2023-01-27 07:47:10', '2023-01-27 07:47:10'),
(617, '1542773', 0, 0, 1, '2023-01-27 07:48:10', '2023-01-27 07:48:10'),
(618, '1542773', 0, 0, 1, '2023-01-27 07:49:10', '2023-01-27 07:49:10'),
(619, '1542773', 0, 0, 1, '2023-01-27 07:50:10', '2023-01-27 07:50:10'),
(620, '1542773', 0, 0, 1, '2023-01-27 07:51:10', '2023-01-27 07:51:10'),
(621, '1542773', 0, 0, 1, '2023-01-27 07:52:10', '2023-01-27 07:52:10'),
(622, '1542773', 0, 0, 1, '2023-01-27 07:53:10', '2023-01-27 07:53:10'),
(623, '1542773', 0, 0, 1, '2023-01-27 07:54:10', '2023-01-27 07:54:10'),
(624, '1542773', 0, 0, 1, '2023-01-27 07:55:10', '2023-01-27 07:55:10'),
(625, '1542773', 0, 0, 1, '2023-01-27 07:56:10', '2023-01-27 07:56:10'),
(626, '1542773', 0, 0, 1, '2023-01-27 07:57:10', '2023-01-27 07:57:10'),
(627, '1542773', 0, 0, 1, '2023-01-27 07:58:10', '2023-01-27 07:58:10'),
(628, '1542773', 0, 0, 1, '2023-01-27 07:59:10', '2023-01-27 07:59:10'),
(629, '1542773', 0, 0, 1, '2023-01-27 08:00:10', '2023-01-27 08:00:10'),
(630, '1542773', 0, 0, 1, '2023-01-27 08:01:10', '2023-01-27 08:01:10'),
(631, '1542773', 0, 0, 1, '2023-01-27 08:02:10', '2023-01-27 08:02:10'),
(632, '1542773', 0, 0, 1, '2023-01-27 08:03:10', '2023-01-27 08:03:10'),
(633, '1542773', 0, 0, 1, '2023-01-27 08:04:10', '2023-01-27 08:04:10'),
(634, '1542773', 0, 0, 1, '2023-01-27 08:05:10', '2023-01-27 08:05:10'),
(635, '1542773', 0, 0, 1, '2023-01-27 08:06:10', '2023-01-27 08:06:10'),
(636, '1542773', 0, 0, 1, '2023-01-27 08:07:10', '2023-01-27 08:07:10'),
(637, '1542773', 0, 0, 1, '2023-01-27 08:08:10', '2023-01-27 08:08:10'),
(638, '1542773', 0, 0, 1, '2023-01-27 08:09:10', '2023-01-27 08:09:10'),
(639, '1542773', 0, 0, 1, '2023-01-27 08:10:10', '2023-01-27 08:10:10'),
(640, '1542773', 0, 0, 1, '2023-01-27 08:11:10', '2023-01-27 08:11:10'),
(641, '1542773', 0, 0, 1, '2023-01-27 08:12:10', '2023-01-27 08:12:10'),
(642, '1542773', 0, 0, 1, '2023-01-27 08:13:11', '2023-01-27 08:13:11'),
(643, '1542773', 0, 0, 1, '2023-01-27 08:14:10', '2023-01-27 08:14:10'),
(644, '1542773', 0, 0, 1, '2023-01-27 08:15:11', '2023-01-27 08:15:11'),
(645, '1542773', 0, 0, 1, '2023-01-27 08:16:11', '2023-01-27 08:16:11'),
(646, '1542773', 0, 0, 1, '2023-01-27 08:17:10', '2023-01-27 08:17:10'),
(647, '1542773', 0, 0, 1, '2023-01-27 08:18:11', '2023-01-27 08:18:11'),
(648, '1542773', 0, 0, 1, '2023-01-27 08:19:11', '2023-01-27 08:19:11'),
(649, '1542773', 0, 0, 1, '2023-01-27 08:20:11', '2023-01-27 08:20:11'),
(650, '1542773', 0, 0, 1, '2023-01-27 08:21:11', '2023-01-27 08:21:11'),
(651, '1542773', 0, 0, 1, '2023-01-27 08:22:11', '2023-01-27 08:22:11'),
(652, '1542773', 0, 0, 1, '2023-01-27 08:23:11', '2023-01-27 08:23:11'),
(653, '1542773', 0, 0, 1, '2023-01-27 08:24:11', '2023-01-27 08:24:11'),
(654, '1542773', 0, 0, 1, '2023-01-27 08:25:11', '2023-01-27 08:25:11'),
(655, '1542773', 0, 0, 1, '2023-01-27 08:26:11', '2023-01-27 08:26:11'),
(656, '1542773', 0, 0, 1, '2023-01-27 08:27:11', '2023-01-27 08:27:11'),
(657, '1542773', 0, 0, 1, '2023-01-27 08:28:11', '2023-01-27 08:28:11'),
(658, '1542773', 0, 0, 1, '2023-01-27 08:29:11', '2023-01-27 08:29:11'),
(659, '1542773', 0, 0, 1, '2023-01-27 08:30:11', '2023-01-27 08:30:11'),
(660, '1542773', 0, 0, 1, '2023-01-27 08:31:11', '2023-01-27 08:31:11'),
(661, '1542773', 0, 0, 1, '2023-01-27 08:32:11', '2023-01-27 08:32:11'),
(662, '1542773', 0, 0, 1, '2023-01-27 08:33:11', '2023-01-27 08:33:11'),
(663, '1542773', 0, 0, 1, '2023-01-27 08:34:11', '2023-01-27 08:34:11'),
(664, '1542773', 0, 0, 1, '2023-01-27 08:35:11', '2023-01-27 08:35:11'),
(665, '1542773', 0, 0, 1, '2023-01-27 08:36:11', '2023-01-27 08:36:11'),
(666, '1542773', 0, 0, 1, '2023-01-27 08:37:11', '2023-01-27 08:37:11'),
(667, '1542773', 0, 0, 1, '2023-01-27 08:38:11', '2023-01-27 08:38:11'),
(668, '1542773', 0, 0, 1, '2023-01-27 08:39:11', '2023-01-27 08:39:11'),
(669, '1542773', 0, 0, 1, '2023-01-27 08:40:11', '2023-01-27 08:40:11'),
(670, '1542773', 0, 0, 1, '2023-01-27 08:41:11', '2023-01-27 08:41:11'),
(671, '1542773', 1, 0, 1, '2023-01-27 08:42:11', '2023-01-27 08:42:11'),
(672, '1542773', 0, 2, 1, '2023-01-27 08:43:11', '2023-01-27 08:43:11'),
(673, '1542773', 0, 2, 1, '2023-01-27 08:44:11', '2023-01-27 08:44:11'),
(674, '1542773', 0, 2, 1, '2023-01-27 08:45:11', '2023-01-27 08:45:11'),
(675, '1542773', 0, 1, 1, '2023-01-27 08:46:11', '2023-01-27 08:46:11'),
(676, '1542773', 0, 0, 1, '2023-01-27 08:47:11', '2023-01-27 08:47:11'),
(677, '1542773', 0, 0, 1, '2023-01-27 08:48:11', '2023-01-27 08:48:11'),
(678, '1542773', 0, 0, 1, '2023-01-27 08:49:11', '2023-01-27 08:49:11'),
(679, '1542773', 0, 0, 1, '2023-01-27 08:50:11', '2023-01-27 08:50:11'),
(680, '1542773', 0, 0, 1, '2023-01-27 08:51:11', '2023-01-27 08:51:11'),
(681, '1542773', 0, 0, 1, '2023-01-27 08:52:11', '2023-01-27 08:52:11'),
(682, '1542773', 0, 0, 1, '2023-01-27 08:53:11', '2023-01-27 08:53:11'),
(683, '1542773', 0, 0, 1, '2023-01-27 08:54:11', '2023-01-27 08:54:11'),
(684, '1542773', 0, 0, 1, '2023-01-27 08:55:11', '2023-01-27 08:55:11'),
(685, '1542773', 0, 0, 1, '2023-01-27 08:56:11', '2023-01-27 08:56:11'),
(686, '1542773', 1, 0, 1, '2023-01-27 08:57:11', '2023-01-27 08:57:11'),
(687, '1542773', 0, 2, 1, '2023-01-27 08:58:11', '2023-01-27 08:58:11'),
(688, '1542773', 0, 1, 1, '2023-01-27 08:59:11', '2023-01-27 08:59:11'),
(689, '1542773', 0, 0, 1, '2023-01-27 09:00:11', '2023-01-27 09:00:11'),
(690, '1542773', 0, 0, 1, '2023-01-27 09:01:11', '2023-01-27 09:01:11'),
(691, '1542773', 1, 0, 1, '2023-01-27 09:02:11', '2023-01-27 09:02:11'),
(692, '1542773', 0, 2, 1, '2023-01-27 09:03:11', '2023-01-27 09:03:11'),
(693, '1542773', 0, 2, 1, '2023-01-27 09:04:11', '2023-01-27 09:04:11'),
(694, '1542773', 0, 1, 1, '2023-01-27 09:05:11', '2023-01-27 09:05:11'),
(695, '1542773', 0, 2, 1, '2023-01-27 09:06:11', '2023-01-27 09:06:11'),
(696, '1542773', 0, 2, 1, '2023-01-27 09:07:11', '2023-01-27 09:07:11'),
(697, '1542773', 0, 2, 1, '2023-01-27 09:08:11', '2023-01-27 09:08:11'),
(698, '1542773', 0, 2, 1, '2023-01-27 09:09:11', '2023-01-27 09:09:11'),
(699, '1542773', 0, 2, 1, '2023-01-27 09:10:11', '2023-01-27 09:10:11'),
(700, '1542773', 0, 2, 1, '2023-01-27 09:11:11', '2023-01-27 09:11:11');
INSERT INTO `websockets_statistics_entries` (`id`, `app_id`, `peak_connection_count`, `websocket_message_count`, `api_message_count`, `created_at`, `updated_at`) VALUES
(701, '1542773', 0, 2, 1, '2023-01-27 09:12:11', '2023-01-27 09:12:11'),
(702, '1542773', 0, 2, 1, '2023-01-27 09:13:11', '2023-01-27 09:13:11'),
(703, '1542773', 0, 2, 1, '2023-01-27 09:14:11', '2023-01-27 09:14:11'),
(704, '1542773', 0, 2, 1, '2023-01-27 09:15:11', '2023-01-27 09:15:11'),
(705, '1542773', 0, 0, 1, '2023-01-27 09:16:11', '2023-01-27 09:16:11'),
(706, '1542773', 0, 2, 1, '2023-01-27 09:17:11', '2023-01-27 09:17:11'),
(707, '1542773', 0, 2, 1, '2023-01-27 09:18:11', '2023-01-27 09:18:11'),
(708, '1542773', 1, 2, 1, '2023-01-27 09:19:11', '2023-01-27 09:19:11'),
(709, '1542773', 0, 2, 1, '2023-01-27 09:20:11', '2023-01-27 09:20:11'),
(710, '1542773', 1, 3, 1, '2023-01-27 09:21:11', '2023-01-27 09:21:11'),
(711, '1542773', 2, 10, 2, '2023-01-27 09:22:11', '2023-01-27 09:22:11'),
(712, '1542773', 2, 2, 2, '2023-01-27 09:23:11', '2023-01-27 09:23:11'),
(713, '1542773', 2, 2, 2, '2023-01-27 09:24:11', '2023-01-27 09:24:11'),
(714, '1542773', 2, 3, 1, '2023-01-27 09:25:11', '2023-01-27 09:25:11'),
(715, '1542773', 2, 4, 2, '2023-01-27 09:26:11', '2023-01-27 09:26:11'),
(716, '1542773', 2, 3, 2, '2023-01-27 09:27:11', '2023-01-27 09:27:11'),
(717, '1542773', 2, 3, 2, '2023-01-27 09:28:11', '2023-01-27 09:28:11'),
(718, '1542773', 2, 3, 2, '2023-01-27 09:29:11', '2023-01-27 09:29:11'),
(719, '1542773', 2, 4, 4, '2023-01-27 09:30:11', '2023-01-27 09:30:11'),
(720, '1542773', 2, 2, 2, '2023-01-27 09:31:11', '2023-01-27 09:31:11'),
(721, '1542773', 2, 3, 1, '2023-01-27 09:32:11', '2023-01-27 09:32:11'),
(722, '1542773', 2, 3, 1, '2023-01-27 09:33:11', '2023-01-27 09:33:11'),
(723, '1542773', 2, 3, 1, '2023-01-27 09:34:11', '2023-01-27 09:34:11'),
(724, '1542773', 2, 3, 1, '2023-01-27 09:35:11', '2023-01-27 09:35:11'),
(725, '1542773', 2, 3, 1, '2023-01-27 09:36:11', '2023-01-27 09:36:11'),
(726, '1542773', 2, 3, 1, '2023-01-27 09:37:11', '2023-01-27 09:37:11'),
(727, '1542773', 2, 3, 1, '2023-01-27 09:38:11', '2023-01-27 09:38:11'),
(728, '1542773', 2, 3, 1, '2023-01-27 09:39:11', '2023-01-27 09:39:11'),
(729, '1542773', 2, 3, 1, '2023-01-27 09:40:11', '2023-01-27 09:40:11'),
(730, '1542773', 2, 4, 1, '2023-01-27 09:41:11', '2023-01-27 09:41:11'),
(731, '1542773', 2, 3, 1, '2023-01-27 09:42:11', '2023-01-27 09:42:11'),
(732, '1542773', 2, 4, 1, '2023-01-27 09:43:11', '2023-01-27 09:43:11'),
(733, '1542773', 2, 3, 1, '2023-01-27 09:44:11', '2023-01-27 09:44:11'),
(734, '1542773', 2, 3, 1, '2023-01-27 09:45:11', '2023-01-27 09:45:11'),
(735, '1542773', 2, 4, 1, '2023-01-27 09:46:11', '2023-01-27 09:46:11'),
(736, '1542773', 2, 3, 1, '2023-01-27 09:47:11', '2023-01-27 09:47:11'),
(737, '1542773', 2, 4, 1, '2023-01-27 09:48:11', '2023-01-27 09:48:11'),
(738, '1542773', 2, 2, 1, '2023-01-27 09:49:11', '2023-01-27 09:49:11'),
(739, '1542773', 2, 4, 1, '2023-01-27 09:50:11', '2023-01-27 09:50:11'),
(740, '1542773', 2, 3, 1, '2023-01-27 09:51:11', '2023-01-27 09:51:11'),
(741, '1542773', 2, 4, 1, '2023-01-27 09:52:11', '2023-01-27 09:52:11'),
(742, '1542773', 2, 4, 1, '2023-01-27 09:53:11', '2023-01-27 09:53:11'),
(743, '1542773', 2, 3, 1, '2023-01-27 09:54:11', '2023-01-27 09:54:11'),
(744, '1542773', 2, 3, 1, '2023-01-27 09:55:11', '2023-01-27 09:55:11'),
(745, '1542773', 2, 2, 1, '2023-01-27 09:56:11', '2023-01-27 09:56:11'),
(746, '1542773', 7, 63, 0, '2023-01-28 02:27:22', '2023-01-28 02:27:22'),
(747, '1542773', 7, 7, 1, '2023-01-28 02:28:21', '2023-01-28 02:28:21'),
(748, '1542773', 8, 8, 1, '2023-01-28 02:29:21', '2023-01-28 02:29:21'),
(749, '1542773', 8, 9, 1, '2023-01-28 02:30:21', '2023-01-28 02:30:21'),
(750, '1542773', 8, 9, 1, '2023-01-28 02:31:21', '2023-01-28 02:31:21'),
(751, '1542773', 8, 9, 1, '2023-01-28 02:32:21', '2023-01-28 02:32:21'),
(752, '1542773', 8, 9, 1, '2023-01-28 02:33:21', '2023-01-28 02:33:21'),
(753, '1542773', 8, 9, 1, '2023-01-28 02:34:21', '2023-01-28 02:34:21'),
(754, '1542773', 8, 9, 1, '2023-01-28 02:35:22', '2023-01-28 02:35:22'),
(755, '1542773', 8, 9, 1, '2023-01-28 02:36:21', '2023-01-28 02:36:21'),
(756, '1542773', 8, 9, 1, '2023-01-28 02:37:21', '2023-01-28 02:37:21'),
(757, '1542773', 8, 8, 1, '2023-01-28 02:38:21', '2023-01-28 02:38:21'),
(758, '1542773', 8, 9, 1, '2023-01-28 02:39:21', '2023-01-28 02:39:21'),
(759, '1542773', 8, 9, 1, '2023-01-28 02:40:21', '2023-01-28 02:40:21'),
(760, '1542773', 8, 9, 1, '2023-01-28 02:41:21', '2023-01-28 02:41:21'),
(761, '1542773', 8, 10, 1, '2023-01-28 02:42:21', '2023-01-28 02:42:21'),
(762, '1542773', 8, 1, 1, '2023-01-28 02:43:21', '2023-01-28 02:43:21'),
(763, '1542773', 8, 9, 3, '2023-01-28 02:44:21', '2023-01-28 02:44:21'),
(764, '1542773', 8, 9, 1, '2023-01-28 02:45:21', '2023-01-28 02:45:21'),
(765, '1542773', 8, 9, 1, '2023-01-28 02:46:21', '2023-01-28 02:46:21'),
(766, '1542773', 8, 9, 2, '2023-01-28 02:47:22', '2023-01-28 02:47:22'),
(767, '1542773', 8, 10, 1, '2023-01-28 02:48:22', '2023-01-28 02:48:22'),
(768, '1542773', 8, 9, 1, '2023-01-28 02:49:22', '2023-01-28 02:49:22'),
(769, '1542773', 8, 9, 1, '2023-01-28 02:50:22', '2023-01-28 02:50:22'),
(770, '1542773', 8, 9, 1, '2023-01-28 02:51:22', '2023-01-28 02:51:22'),
(771, '1542773', 8, 9, 1, '2023-01-28 02:52:22', '2023-01-28 02:52:22'),
(772, '1542773', 8, 9, 1, '2023-01-28 02:53:22', '2023-01-28 02:53:22'),
(773, '1542773', 8, 9, 1, '2023-01-28 02:54:22', '2023-01-28 02:54:22'),
(774, '1542773', 8, 9, 1, '2023-01-28 02:55:22', '2023-01-28 02:55:22'),
(775, '1542773', 8, 9, 1, '2023-01-28 02:56:22', '2023-01-28 02:56:22'),
(776, '1542773', 8, 9, 1, '2023-01-28 02:57:22', '2023-01-28 02:57:22'),
(777, '1542773', 8, 9, 1, '2023-01-28 02:58:22', '2023-01-28 02:58:22'),
(778, '1542773', 8, 9, 1, '2023-01-28 02:59:22', '2023-01-28 02:59:22'),
(779, '1542773', 8, 9, 1, '2023-01-28 03:00:22', '2023-01-28 03:00:22'),
(780, '1542773', 8, 9, 1, '2023-01-28 03:01:22', '2023-01-28 03:01:22'),
(781, '1542773', 8, 9, 1, '2023-01-28 03:02:22', '2023-01-28 03:02:22'),
(782, '1542773', 8, 9, 1, '2023-01-28 03:03:22', '2023-01-28 03:03:22'),
(783, '1542773', 8, 9, 1, '2023-01-28 03:04:22', '2023-01-28 03:04:22'),
(784, '1542773', 8, 9, 1, '2023-01-28 03:05:22', '2023-01-28 03:05:22'),
(785, '1542773', 8, 9, 1, '2023-01-28 03:06:22', '2023-01-28 03:06:22'),
(786, '1542773', 8, 9, 1, '2023-01-28 03:07:22', '2023-01-28 03:07:22'),
(787, '1542773', 8, 9, 1, '2023-01-28 03:08:22', '2023-01-28 03:08:22'),
(788, '1542773', 8, 9, 1, '2023-01-28 03:09:22', '2023-01-28 03:09:22'),
(789, '1542773', 8, 2, 3, '2023-01-28 03:10:22', '2023-01-28 03:10:22'),
(790, '1542773', 8, 10, 2, '2023-01-28 03:11:22', '2023-01-28 03:11:22'),
(791, '1542773', 7, 9, 1, '2023-01-28 03:12:22', '2023-01-28 03:12:22'),
(792, '1542773', 7, 2, 1, '2023-01-28 03:13:22', '2023-01-28 03:13:22'),
(793, '1542773', 8, 2, 3, '2023-01-28 03:14:22', '2023-01-28 03:14:22'),
(794, '1542773', 8, 8, 2, '2023-01-28 03:15:22', '2023-01-28 03:15:22'),
(795, '1542773', 8, 9, 1, '2023-01-28 03:16:22', '2023-01-28 03:16:22'),
(796, '1542773', 8, 9, 1, '2023-01-28 03:17:22', '2023-01-28 03:17:22'),
(797, '1542773', 8, 9, 2, '2023-01-28 03:18:22', '2023-01-28 03:18:22'),
(798, '1542773', 8, 2, 1, '2023-01-28 03:19:22', '2023-01-28 03:19:22'),
(799, '1542773', 8, 9, 1, '2023-01-28 03:20:22', '2023-01-28 03:20:22'),
(800, '1542773', 8, 9, 1, '2023-01-28 03:21:22', '2023-01-28 03:21:22'),
(801, '1542773', 8, 9, 1, '2023-01-28 03:22:22', '2023-01-28 03:22:22'),
(802, '1542773', 8, 10, 1, '2023-01-28 03:23:22', '2023-01-28 03:23:22'),
(803, '1542773', 8, 3, 1, '2023-01-28 03:24:22', '2023-01-28 03:24:22'),
(804, '1542773', 8, 9, 1, '2023-01-28 03:25:22', '2023-01-28 03:25:22'),
(805, '1542773', 8, 9, 1, '2023-01-28 03:26:22', '2023-01-28 03:26:22'),
(806, '1542773', 8, 9, 1, '2023-01-28 03:27:22', '2023-01-28 03:27:22'),
(807, '1542773', 8, 9, 1, '2023-01-28 03:28:22', '2023-01-28 03:28:22'),
(808, '1542773', 8, 9, 1, '2023-01-28 03:29:22', '2023-01-28 03:29:22'),
(809, '1542773', 8, 2, 1, '2023-01-28 03:30:22', '2023-01-28 03:30:22'),
(810, '1542773', 8, 9, 1, '2023-01-28 03:31:22', '2023-01-28 03:31:22'),
(811, '1542773', 8, 9, 1, '2023-01-28 03:32:22', '2023-01-28 03:32:22'),
(812, '1542773', 8, 9, 1, '2023-01-28 03:33:22', '2023-01-28 03:33:22'),
(813, '1542773', 8, 9, 1, '2023-01-28 03:34:22', '2023-01-28 03:34:22'),
(814, '1542773', 8, 9, 1, '2023-01-28 03:35:22', '2023-01-28 03:35:22'),
(815, '1542773', 8, 4, 1, '2023-01-28 03:36:22', '2023-01-28 03:36:22'),
(816, '1542773', 8, 10, 1, '2023-01-28 03:37:22', '2023-01-28 03:37:22'),
(817, '1542773', 8, 9, 1, '2023-01-28 03:38:22', '2023-01-28 03:38:22'),
(818, '1542773', 8, 9, 1, '2023-01-28 03:39:22', '2023-01-28 03:39:22'),
(819, '1542773', 8, 9, 1, '2023-01-28 03:40:22', '2023-01-28 03:40:22'),
(820, '1542773', 8, 3, 4, '2023-01-28 03:41:22', '2023-01-28 03:41:22'),
(821, '1542773', 8, 10, 4, '2023-01-28 03:42:22', '2023-01-28 03:42:22'),
(822, '1542773', 8, 10, 2, '2023-01-28 03:43:22', '2023-01-28 03:43:22'),
(823, '1542773', 8, 8, 2, '2023-01-28 03:44:22', '2023-01-28 03:44:22'),
(824, '1542773', 8, 3, 7, '2023-01-28 03:45:22', '2023-01-28 03:45:22'),
(825, '1542773', 8, 9, 1, '2023-01-28 03:46:22', '2023-01-28 03:46:22'),
(826, '1542773', 8, 9, 1, '2023-01-28 03:47:22', '2023-01-28 03:47:22'),
(827, '1542773', 8, 9, 1, '2023-01-28 03:48:22', '2023-01-28 03:48:22'),
(828, '1542773', 8, 9, 1, '2023-01-28 03:49:22', '2023-01-28 03:49:22'),
(829, '1542773', 8, 9, 1, '2023-01-28 03:50:22', '2023-01-28 03:50:22'),
(830, '1542773', 8, 9, 1, '2023-01-28 03:51:22', '2023-01-28 03:51:22'),
(831, '1542773', 8, 9, 1, '2023-01-28 03:52:22', '2023-01-28 03:52:22'),
(832, '1542773', 8, 9, 1, '2023-01-28 03:53:22', '2023-01-28 03:53:22'),
(833, '1542773', 8, 9, 1, '2023-01-28 03:54:22', '2023-01-28 03:54:22'),
(834, '1542773', 8, 9, 1, '2023-01-28 03:55:22', '2023-01-28 03:55:22'),
(835, '1542773', 8, 9, 1, '2023-01-28 03:56:22', '2023-01-28 03:56:22'),
(836, '1542773', 8, 9, 1, '2023-01-28 03:57:23', '2023-01-28 03:57:23'),
(837, '1542773', 8, 9, 1, '2023-01-28 03:58:22', '2023-01-28 03:58:22'),
(838, '1542773', 8, 9, 1, '2023-01-28 03:59:23', '2023-01-28 03:59:23'),
(839, '1542773', 8, 9, 1, '2023-01-28 04:00:23', '2023-01-28 04:00:23'),
(840, '1542773', 8, 9, 1, '2023-01-28 04:01:23', '2023-01-28 04:01:23'),
(841, '1542773', 8, 9, 1, '2023-01-28 04:02:23', '2023-01-28 04:02:23'),
(842, '1542773', 8, 9, 1, '2023-01-28 04:03:23', '2023-01-28 04:03:23'),
(843, '1542773', 8, 9, 1, '2023-01-28 04:04:23', '2023-01-28 04:04:23'),
(844, '1542773', 8, 9, 1, '2023-01-28 04:05:23', '2023-01-28 04:05:23'),
(845, '1542773', 8, 9, 1, '2023-01-28 04:06:23', '2023-01-28 04:06:23'),
(846, '1542773', 8, 9, 1, '2023-01-28 04:07:23', '2023-01-28 04:07:23'),
(847, '1542773', 8, 9, 1, '2023-01-28 04:08:23', '2023-01-28 04:08:23'),
(848, '1542773', 8, 9, 1, '2023-01-28 04:09:23', '2023-01-28 04:09:23'),
(849, '1542773', 8, 9, 1, '2023-01-28 04:10:23', '2023-01-28 04:10:23'),
(850, '1542773', 8, 8, 1, '2023-01-28 04:11:23', '2023-01-28 04:11:23'),
(851, '1542773', 8, 9, 1, '2023-01-28 04:12:23', '2023-01-28 04:12:23'),
(852, '1542773', 8, 9, 1, '2023-01-28 04:13:23', '2023-01-28 04:13:23'),
(853, '1542773', 8, 9, 1, '2023-01-28 04:14:23', '2023-01-28 04:14:23'),
(854, '1542773', 8, 9, 1, '2023-01-28 04:15:23', '2023-01-28 04:15:23'),
(855, '1542773', 8, 9, 1, '2023-01-28 04:16:23', '2023-01-28 04:16:23'),
(856, '1542773', 8, 9, 1, '2023-01-28 04:17:23', '2023-01-28 04:17:23'),
(857, '1542773', 8, 9, 1, '2023-01-28 04:18:23', '2023-01-28 04:18:23'),
(858, '1542773', 8, 9, 1, '2023-01-28 04:19:23', '2023-01-28 04:19:23'),
(859, '1542773', 8, 9, 1, '2023-01-28 04:20:23', '2023-01-28 04:20:23'),
(860, '1542773', 8, 9, 1, '2023-01-28 04:21:23', '2023-01-28 04:21:23'),
(861, '1542773', 8, 9, 1, '2023-01-28 04:22:23', '2023-01-28 04:22:23'),
(862, '1542773', 9, 9, 1, '2023-01-28 04:23:23', '2023-01-28 04:23:23'),
(863, '1542773', 8, 10, 1, '2023-01-28 04:24:23', '2023-01-28 04:24:23'),
(864, '1542773', 9, 9, 1, '2023-01-28 04:25:23', '2023-01-28 04:25:23'),
(865, '1542773', 8, 9, 1, '2023-01-28 04:26:23', '2023-01-28 04:26:23'),
(866, '1542773', 8, 10, 1, '2023-01-28 04:27:23', '2023-01-28 04:27:23'),
(867, '1542773', 8, 9, 1, '2023-01-28 04:28:23', '2023-01-28 04:28:23'),
(868, '1542773', 8, 9, 1, '2023-01-28 04:29:23', '2023-01-28 04:29:23'),
(869, '1542773', 8, 9, 1, '2023-01-28 04:30:23', '2023-01-28 04:30:23'),
(870, '1542773', 8, 9, 1, '2023-01-28 04:31:24', '2023-01-28 04:31:24'),
(871, '1542773', 7, 10, 2, '2023-01-28 04:32:24', '2023-01-28 04:32:24'),
(872, '1542773', 7, 10, 1, '2023-01-28 04:33:23', '2023-01-28 04:33:23'),
(873, '1542773', 8, 9, 1, '2023-01-28 04:34:23', '2023-01-28 04:34:23'),
(874, '1542773', 8, 9, 1, '2023-01-28 04:35:23', '2023-01-28 04:35:23'),
(875, '1542773', 8, 9, 1, '2023-01-28 04:36:23', '2023-01-28 04:36:23'),
(876, '1542773', 8, 11, 1, '2023-01-28 04:37:23', '2023-01-28 04:37:23'),
(877, '1542773', 8, 9, 1, '2023-01-28 04:38:23', '2023-01-28 04:38:23'),
(878, '1542773', 8, 9, 1, '2023-01-28 04:39:23', '2023-01-28 04:39:23'),
(879, '1542773', 8, 9, 1, '2023-01-28 04:40:23', '2023-01-28 04:40:23'),
(880, '1542773', 7, 8, 1, '2023-01-28 04:41:23', '2023-01-28 04:41:23'),
(881, '1542773', 7, 9, 1, '2023-01-28 04:42:23', '2023-01-28 04:42:23'),
(882, '1542773', 8, 2, 1, '2023-01-28 04:43:23', '2023-01-28 04:43:23'),
(883, '1542773', 8, 10, 1, '2023-01-28 04:44:23', '2023-01-28 04:44:23'),
(884, '1542773', 8, 9, 1, '2023-01-28 04:45:23', '2023-01-28 04:45:23'),
(885, '1542773', 7, 10, 1, '2023-01-28 04:46:23', '2023-01-28 04:46:23'),
(886, '1542773', 8, 9, 1, '2023-01-28 04:47:23', '2023-01-28 04:47:23'),
(887, '1542773', 8, 2, 1, '2023-01-28 04:48:23', '2023-01-28 04:48:23'),
(888, '1542773', 7, 15, 1, '2023-01-28 04:49:23', '2023-01-28 04:49:23'),
(889, '1542773', 7, 10, 1, '2023-01-28 04:50:23', '2023-01-28 04:50:23'),
(890, '1542773', 8, 9, 1, '2023-01-28 04:51:23', '2023-01-28 04:51:23'),
(891, '1542773', 8, 9, 1, '2023-01-28 04:52:23', '2023-01-28 04:52:23'),
(892, '1542773', 8, 9, 1, '2023-01-28 04:53:23', '2023-01-28 04:53:23'),
(893, '1542773', 7, 0, 1, '2023-01-28 04:54:23', '2023-01-28 04:54:23'),
(894, '1542773', 7, 9, 1, '2023-01-28 04:55:23', '2023-01-28 04:55:23'),
(895, '1542773', 7, 11, 1, '2023-01-28 04:56:23', '2023-01-28 04:56:23'),
(896, '1542773', 8, 9, 1, '2023-01-28 04:57:23', '2023-01-28 04:57:23'),
(897, '1542773', 8, 9, 1, '2023-01-28 04:58:23', '2023-01-28 04:58:23'),
(898, '1542773', 8, 9, 1, '2023-01-28 04:59:23', '2023-01-28 04:59:23'),
(899, '1542773', 8, 8, 3, '2023-01-28 05:00:23', '2023-01-28 05:00:23'),
(900, '1542773', 8, 9, 1, '2023-01-28 05:01:23', '2023-01-28 05:01:23'),
(901, '1542773', 8, 9, 1, '2023-01-28 05:02:23', '2023-01-28 05:02:23'),
(902, '1542773', 8, 9, 1, '2023-01-28 05:03:23', '2023-01-28 05:03:23'),
(903, '1542773', 8, 9, 1, '2023-01-28 05:04:23', '2023-01-28 05:04:23'),
(904, '1542773', 8, 9, 1, '2023-01-28 05:05:23', '2023-01-28 05:05:23'),
(905, '1542773', 8, 9, 1, '2023-01-28 05:06:23', '2023-01-28 05:06:23'),
(906, '1542773', 8, 9, 1, '2023-01-28 05:07:23', '2023-01-28 05:07:23'),
(907, '1542773', 8, 9, 1, '2023-01-28 05:08:23', '2023-01-28 05:08:23'),
(908, '1542773', 8, 8, 1, '2023-01-28 05:09:23', '2023-01-28 05:09:23'),
(909, '1542773', 7, 9, 1, '2023-01-28 05:10:23', '2023-01-28 05:10:23'),
(910, '1542773', 7, 2, 1, '2023-01-28 05:11:23', '2023-01-28 05:11:23'),
(911, '1542773', 8, 9, 1, '2023-01-28 05:12:23', '2023-01-28 05:12:23'),
(912, '1542773', 7, 9, 1, '2023-01-28 05:13:23', '2023-01-28 05:13:23'),
(913, '1542773', 7, 9, 1, '2023-01-28 05:14:23', '2023-01-28 05:14:23'),
(914, '1542773', 7, 9, 1, '2023-01-28 05:15:23', '2023-01-28 05:15:23'),
(915, '1542773', 7, 9, 1, '2023-01-28 05:16:23', '2023-01-28 05:16:23'),
(916, '1542773', 7, 9, 1, '2023-01-28 05:17:23', '2023-01-28 05:17:23'),
(917, '1542773', 7, 9, 1, '2023-01-28 05:18:23', '2023-01-28 05:18:23'),
(918, '1542773', 7, 9, 1, '2023-01-28 05:19:23', '2023-01-28 05:19:23'),
(919, '1542773', 7, 9, 1, '2023-01-28 05:20:23', '2023-01-28 05:20:23'),
(920, '1542773', 7, 9, 1, '2023-01-28 05:21:23', '2023-01-28 05:21:23'),
(921, '1542773', 7, 9, 1, '2023-01-28 05:22:23', '2023-01-28 05:22:23'),
(922, '1542773', 7, 9, 1, '2023-01-28 05:23:23', '2023-01-28 05:23:23'),
(923, '1542773', 7, 9, 1, '2023-01-28 05:24:23', '2023-01-28 05:24:23'),
(924, '1542773', 7, 9, 1, '2023-01-28 05:25:23', '2023-01-28 05:25:23'),
(925, '1542773', 7, 9, 1, '2023-01-28 05:26:23', '2023-01-28 05:26:23'),
(926, '1542773', 7, 9, 1, '2023-01-28 05:27:23', '2023-01-28 05:27:23'),
(927, '1542773', 7, 9, 1, '2023-01-28 05:28:23', '2023-01-28 05:28:23'),
(928, '1542773', 7, 9, 1, '2023-01-28 05:29:23', '2023-01-28 05:29:23'),
(929, '1542773', 7, 9, 1, '2023-01-28 05:30:23', '2023-01-28 05:30:23'),
(930, '1542773', 7, 9, 1, '2023-01-28 05:31:24', '2023-01-28 05:31:24'),
(931, '1542773', 7, 9, 1, '2023-01-28 05:32:23', '2023-01-28 05:32:23'),
(932, '1542773', 7, 9, 1, '2023-01-28 05:33:23', '2023-01-28 05:33:23'),
(933, '1542773', 7, 9, 1, '2023-01-28 05:34:24', '2023-01-28 05:34:24'),
(934, '1542773', 7, 9, 1, '2023-01-28 05:35:23', '2023-01-28 05:35:23'),
(935, '1542773', 7, 9, 1, '2023-01-28 05:36:23', '2023-01-28 05:36:23'),
(936, '1542773', 7, 9, 1, '2023-01-28 05:37:24', '2023-01-28 05:37:24'),
(937, '1542773', 7, 9, 1, '2023-01-28 05:38:23', '2023-01-28 05:38:23'),
(938, '1542773', 7, 9, 1, '2023-01-28 05:39:23', '2023-01-28 05:39:23'),
(939, '1542773', 7, 9, 1, '2023-01-28 05:40:24', '2023-01-28 05:40:24'),
(940, '1542773', 7, 9, 1, '2023-01-28 05:41:23', '2023-01-28 05:41:23'),
(941, '1542773', 7, 9, 1, '2023-01-28 05:42:24', '2023-01-28 05:42:24'),
(942, '1542773', 7, 9, 1, '2023-01-28 05:43:24', '2023-01-28 05:43:24'),
(943, '1542773', 7, 9, 1, '2023-01-28 05:44:24', '2023-01-28 05:44:24'),
(944, '1542773', 7, 9, 1, '2023-01-28 05:45:24', '2023-01-28 05:45:24'),
(945, '1542773', 7, 9, 1, '2023-01-28 05:46:24', '2023-01-28 05:46:24'),
(946, '1542773', 7, 9, 1, '2023-01-28 05:47:24', '2023-01-28 05:47:24'),
(947, '1542773', 7, 9, 1, '2023-01-28 05:48:24', '2023-01-28 05:48:24'),
(948, '1542773', 7, 9, 1, '2023-01-28 05:49:24', '2023-01-28 05:49:24'),
(949, '1542773', 7, 9, 1, '2023-01-28 05:50:24', '2023-01-28 05:50:24'),
(950, '1542773', 7, 9, 1, '2023-01-28 05:51:24', '2023-01-28 05:51:24'),
(951, '1542773', 7, 9, 1, '2023-01-28 05:52:24', '2023-01-28 05:52:24'),
(952, '1542773', 7, 9, 1, '2023-01-28 05:53:24', '2023-01-28 05:53:24'),
(953, '1542773', 7, 9, 1, '2023-01-28 05:54:24', '2023-01-28 05:54:24'),
(954, '1542773', 7, 9, 1, '2023-01-28 05:55:24', '2023-01-28 05:55:24'),
(955, '1542773', 7, 9, 1, '2023-01-28 05:56:24', '2023-01-28 05:56:24'),
(956, '1542773', 7, 9, 1, '2023-01-28 05:57:24', '2023-01-28 05:57:24'),
(957, '1542773', 7, 9, 1, '2023-01-28 05:58:24', '2023-01-28 05:58:24'),
(958, '1542773', 7, 9, 1, '2023-01-28 05:59:24', '2023-01-28 05:59:24'),
(959, '1542773', 7, 9, 1, '2023-01-28 06:00:24', '2023-01-28 06:00:24'),
(960, '1542773', 7, 9, 1, '2023-01-28 06:01:24', '2023-01-28 06:01:24'),
(961, '1542773', 7, 9, 1, '2023-01-28 06:02:24', '2023-01-28 06:02:24'),
(962, '1542773', 7, 9, 1, '2023-01-28 06:03:24', '2023-01-28 06:03:24'),
(963, '1542773', 7, 9, 1, '2023-01-28 06:04:24', '2023-01-28 06:04:24'),
(964, '1542773', 7, 9, 1, '2023-01-28 06:05:24', '2023-01-28 06:05:24'),
(965, '1542773', 7, 9, 1, '2023-01-28 06:06:24', '2023-01-28 06:06:24'),
(966, '1542773', 7, 9, 1, '2023-01-28 06:07:24', '2023-01-28 06:07:24'),
(967, '1542773', 7, 9, 1, '2023-01-28 06:08:24', '2023-01-28 06:08:24'),
(968, '1542773', 7, 9, 1, '2023-01-28 06:09:24', '2023-01-28 06:09:24'),
(969, '1542773', 7, 9, 1, '2023-01-28 06:10:24', '2023-01-28 06:10:24'),
(970, '1542773', 7, 9, 1, '2023-01-28 06:11:24', '2023-01-28 06:11:24'),
(971, '1542773', 7, 9, 1, '2023-01-28 06:12:24', '2023-01-28 06:12:24'),
(972, '1542773', 7, 9, 1, '2023-01-28 06:13:24', '2023-01-28 06:13:24'),
(973, '1542773', 7, 9, 1, '2023-01-28 06:14:24', '2023-01-28 06:14:24'),
(974, '1542773', 7, 9, 1, '2023-01-28 06:15:24', '2023-01-28 06:15:24'),
(975, '1542773', 7, 9, 1, '2023-01-28 06:16:24', '2023-01-28 06:16:24'),
(976, '1542773', 7, 9, 1, '2023-01-28 06:17:24', '2023-01-28 06:17:24'),
(977, '1542773', 7, 9, 1, '2023-01-28 06:18:24', '2023-01-28 06:18:24'),
(978, '1542773', 7, 9, 1, '2023-01-28 06:19:24', '2023-01-28 06:19:24'),
(979, '1542773', 7, 9, 1, '2023-01-28 06:20:24', '2023-01-28 06:20:24'),
(980, '1542773', 7, 9, 1, '2023-01-28 06:21:24', '2023-01-28 06:21:24'),
(981, '1542773', 7, 9, 1, '2023-01-28 06:22:24', '2023-01-28 06:22:24'),
(982, '1542773', 7, 10, 1, '2023-01-28 06:23:24', '2023-01-28 06:23:24'),
(983, '1542773', 8, 10, 1, '2023-01-28 06:24:25', '2023-01-28 06:24:25'),
(984, '1542773', 7, 10, 1, '2023-01-28 06:25:24', '2023-01-28 06:25:24'),
(985, '1542773', 8, 9, 1, '2023-01-28 06:26:24', '2023-01-28 06:26:24'),
(986, '1542773', 8, 9, 1, '2023-01-28 06:27:24', '2023-01-28 06:27:24'),
(987, '1542773', 8, 9, 1, '2023-01-28 06:28:24', '2023-01-28 06:28:24'),
(988, '1542773', 8, 9, 1, '2023-01-28 06:29:24', '2023-01-28 06:29:24'),
(989, '1542773', 8, 11, 1, '2023-01-28 06:30:24', '2023-01-28 06:30:24'),
(990, '1542773', 8, 9, 1, '2023-01-28 06:31:24', '2023-01-28 06:31:24'),
(991, '1542773', 8, 9, 1, '2023-01-28 06:32:24', '2023-01-28 06:32:24'),
(992, '1542773', 8, 9, 1, '2023-01-28 06:33:24', '2023-01-28 06:33:24'),
(993, '1542773', 8, 8, 1, '2023-01-28 06:34:24', '2023-01-28 06:34:24'),
(994, '1542773', 8, 3, 1, '2023-01-28 06:35:24', '2023-01-28 06:35:24'),
(995, '1542773', 8, 11, 1, '2023-01-28 06:36:24', '2023-01-28 06:36:24'),
(996, '1542773', 8, 9, 1, '2023-01-28 06:37:24', '2023-01-28 06:37:24'),
(997, '1542773', 8, 9, 1, '2023-01-28 06:38:24', '2023-01-28 06:38:24'),
(998, '1542773', 8, 9, 1, '2023-01-28 06:39:24', '2023-01-28 06:39:24'),
(999, '1542773', 8, 10, 1, '2023-01-28 06:40:24', '2023-01-28 06:40:24'),
(1000, '1542773', 8, 11, 1, '2023-01-28 06:41:24', '2023-01-28 06:41:24'),
(1001, '1542773', 8, 9, 1, '2023-01-28 06:42:24', '2023-01-28 06:42:24'),
(1002, '1542773', 8, 9, 1, '2023-01-28 06:43:24', '2023-01-28 06:43:24'),
(1003, '1542773', 8, 9, 1, '2023-01-28 06:44:24', '2023-01-28 06:44:24'),
(1004, '1542773', 8, 9, 1, '2023-01-28 06:45:24', '2023-01-28 06:45:24'),
(1005, '1542773', 8, 11, 1, '2023-01-28 06:46:24', '2023-01-28 06:46:24'),
(1006, '1542773', 8, 9, 1, '2023-01-28 06:47:24', '2023-01-28 06:47:24'),
(1007, '1542773', 8, 9, 1, '2023-01-28 06:48:24', '2023-01-28 06:48:24'),
(1008, '1542773', 8, 9, 1, '2023-01-28 06:49:24', '2023-01-28 06:49:24'),
(1009, '1542773', 8, 10, 1, '2023-01-28 06:50:24', '2023-01-28 06:50:24'),
(1010, '1542773', 8, 9, 1, '2023-01-28 06:51:24', '2023-01-28 06:51:24'),
(1011, '1542773', 8, 9, 1, '2023-01-28 06:52:24', '2023-01-28 06:52:24'),
(1012, '1542773', 8, 9, 1, '2023-01-28 06:53:24', '2023-01-28 06:53:24'),
(1013, '1542773', 8, 9, 1, '2023-01-28 06:54:24', '2023-01-28 06:54:24'),
(1014, '1542773', 8, 9, 1, '2023-01-28 06:55:24', '2023-01-28 06:55:24'),
(1015, '1542773', 8, 9, 1, '2023-01-28 06:56:24', '2023-01-28 06:56:24'),
(1016, '1542773', 8, 9, 1, '2023-01-28 06:57:24', '2023-01-28 06:57:24'),
(1017, '1542773', 8, 9, 1, '2023-01-28 06:58:24', '2023-01-28 06:58:24'),
(1018, '1542773', 8, 9, 1, '2023-01-28 06:59:24', '2023-01-28 06:59:24'),
(1019, '1542773', 8, 9, 1, '2023-01-28 07:00:24', '2023-01-28 07:00:24'),
(1020, '1542773', 8, 9, 1, '2023-01-28 07:01:24', '2023-01-28 07:01:24'),
(1021, '1542773', 8, 9, 1, '2023-01-28 07:02:24', '2023-01-28 07:02:24'),
(1022, '1542773', 8, 9, 2, '2023-01-28 07:03:24', '2023-01-28 07:03:24'),
(1023, '1542773', 8, 9, 1, '2023-01-28 07:04:24', '2023-01-28 07:04:24'),
(1024, '1542773', 8, 9, 1, '2023-01-28 07:05:24', '2023-01-28 07:05:24'),
(1025, '1542773', 8, 9, 1, '2023-01-28 07:06:24', '2023-01-28 07:06:24'),
(1026, '1542773', 8, 9, 1, '2023-01-28 07:07:24', '2023-01-28 07:07:24'),
(1027, '1542773', 8, 9, 1, '2023-01-28 07:08:24', '2023-01-28 07:08:24'),
(1028, '1542773', 8, 9, 1, '2023-01-28 07:09:24', '2023-01-28 07:09:24'),
(1029, '1542773', 8, 9, 1, '2023-01-28 07:10:24', '2023-01-28 07:10:24'),
(1030, '1542773', 8, 9, 1, '2023-01-28 07:11:24', '2023-01-28 07:11:24'),
(1031, '1542773', 8, 9, 1, '2023-01-28 07:12:24', '2023-01-28 07:12:24'),
(1032, '1542773', 8, 8, 1, '2023-01-28 07:13:24', '2023-01-28 07:13:24'),
(1033, '1542773', 7, 9, 1, '2023-01-28 07:14:24', '2023-01-28 07:14:24'),
(1034, '1542773', 7, 9, 1, '2023-01-28 07:15:24', '2023-01-28 07:15:24'),
(1035, '1542773', 7, 9, 1, '2023-01-28 07:16:24', '2023-01-28 07:16:24'),
(1036, '1542773', 7, 9, 1, '2023-01-28 07:17:24', '2023-01-28 07:17:24'),
(1037, '1542773', 7, 9, 1, '2023-01-28 07:18:24', '2023-01-28 07:18:24'),
(1038, '1542773', 7, 9, 1, '2023-01-28 07:19:24', '2023-01-28 07:19:24'),
(1039, '1542773', 7, 9, 1, '2023-01-28 07:20:24', '2023-01-28 07:20:24'),
(1040, '1542773', 7, 9, 1, '2023-01-28 07:21:24', '2023-01-28 07:21:24'),
(1041, '1542773', 7, 9, 1, '2023-01-28 07:22:24', '2023-01-28 07:22:24'),
(1042, '1542773', 7, 9, 1, '2023-01-28 07:23:24', '2023-01-28 07:23:24'),
(1043, '1542773', 7, 9, 1, '2023-01-28 07:24:24', '2023-01-28 07:24:24'),
(1044, '1542773', 7, 0, 1, '2023-01-28 07:25:24', '2023-01-28 07:25:24'),
(1045, '1542773', 7, 8, 1, '2023-01-28 07:26:24', '2023-01-28 07:26:24'),
(1046, '1542773', 7, 9, 1, '2023-01-28 07:27:24', '2023-01-28 07:27:24'),
(1047, '1542773', 7, 9, 1, '2023-01-28 07:28:24', '2023-01-28 07:28:24'),
(1048, '1542773', 7, 9, 1, '2023-01-28 07:29:24', '2023-01-28 07:29:24'),
(1049, '1542773', 7, 9, 1, '2023-01-28 07:30:24', '2023-01-28 07:30:24'),
(1050, '1542773', 7, 9, 1, '2023-01-28 07:31:24', '2023-01-28 07:31:24'),
(1051, '1542773', 7, 9, 1, '2023-01-28 07:32:24', '2023-01-28 07:32:24'),
(1052, '1542773', 7, 9, 1, '2023-01-28 07:33:24', '2023-01-28 07:33:24'),
(1053, '1542773', 7, 9, 1, '2023-01-28 07:34:24', '2023-01-28 07:34:24'),
(1054, '1542773', 7, 8, 1, '2023-01-28 07:35:24', '2023-01-28 07:35:24'),
(1055, '1542773', 7, 9, 1, '2023-01-28 07:36:24', '2023-01-28 07:36:24'),
(1056, '1542773', 7, 9, 1, '2023-01-28 07:37:24', '2023-01-28 07:37:24'),
(1057, '1542773', 7, 9, 1, '2023-01-28 07:38:24', '2023-01-28 07:38:24'),
(1058, '1542773', 7, 9, 1, '2023-01-28 07:39:24', '2023-01-28 07:39:24'),
(1059, '1542773', 7, 8, 1, '2023-01-28 07:40:24', '2023-01-28 07:40:24'),
(1060, '1542773', 7, 9, 1, '2023-01-28 07:41:24', '2023-01-28 07:41:24'),
(1061, '1542773', 7, 9, 1, '2023-01-28 07:42:24', '2023-01-28 07:42:24'),
(1062, '1542773', 7, 9, 1, '2023-01-28 07:43:24', '2023-01-28 07:43:24'),
(1063, '1542773', 7, 9, 1, '2023-01-28 07:44:24', '2023-01-28 07:44:24'),
(1064, '1542773', 7, 9, 1, '2023-01-28 07:45:24', '2023-01-28 07:45:24'),
(1065, '1542773', 7, 9, 1, '2023-01-28 07:46:24', '2023-01-28 07:46:24'),
(1066, '1542773', 7, 9, 1, '2023-01-28 07:47:24', '2023-01-28 07:47:24'),
(1067, '1542773', 7, 9, 1, '2023-01-28 07:48:24', '2023-01-28 07:48:24'),
(1068, '1542773', 7, 9, 1, '2023-01-28 07:49:24', '2023-01-28 07:49:24'),
(1069, '1542773', 7, 9, 1, '2023-01-28 07:50:24', '2023-01-28 07:50:24'),
(1070, '1542773', 7, 9, 1, '2023-01-28 07:51:24', '2023-01-28 07:51:24'),
(1071, '1542773', 7, 9, 1, '2023-01-28 07:52:24', '2023-01-28 07:52:24'),
(1072, '1542773', 7, 9, 1, '2023-01-28 07:53:24', '2023-01-28 07:53:24'),
(1073, '1542773', 7, 9, 1, '2023-01-28 07:54:24', '2023-01-28 07:54:24'),
(1074, '1542773', 7, 9, 1, '2023-01-28 07:55:24', '2023-01-28 07:55:24'),
(1075, '1542773', 7, 9, 1, '2023-01-28 07:56:24', '2023-01-28 07:56:24'),
(1076, '1542773', 7, 9, 1, '2023-01-28 07:57:24', '2023-01-28 07:57:24'),
(1077, '1542773', 7, 8, 1, '2023-01-28 07:58:24', '2023-01-28 07:58:24'),
(1078, '1542773', 7, 9, 1, '2023-01-28 07:59:24', '2023-01-28 07:59:24'),
(1079, '1542773', 7, 8, 1, '2023-01-28 08:00:24', '2023-01-28 08:00:24'),
(1080, '1542773', 7, 1, 1, '2023-01-28 08:01:24', '2023-01-28 08:01:24'),
(1081, '1542773', 7, 8, 1, '2023-01-28 08:02:24', '2023-01-28 08:02:24'),
(1082, '1542773', 7, 8, 1, '2023-01-28 08:03:24', '2023-01-28 08:03:24'),
(1083, '1542773', 7, 9, 1, '2023-01-28 08:04:24', '2023-01-28 08:04:24'),
(1084, '1542773', 7, 9, 1, '2023-01-28 08:05:24', '2023-01-28 08:05:24'),
(1085, '1542773', 7, 9, 1, '2023-01-28 08:06:24', '2023-01-28 08:06:24'),
(1086, '1542773', 7, 9, 1, '2023-01-28 08:07:24', '2023-01-28 08:07:24'),
(1087, '1542773', 7, 9, 1, '2023-01-28 08:08:24', '2023-01-28 08:08:24'),
(1088, '1542773', 7, 8, 1, '2023-01-28 08:09:24', '2023-01-28 08:09:24'),
(1089, '1542773', 7, 9, 1, '2023-01-28 08:10:24', '2023-01-28 08:10:24'),
(1090, '1542773', 7, 8, 1, '2023-01-28 08:11:24', '2023-01-28 08:11:24'),
(1091, '1542773', 7, 9, 1, '2023-01-28 08:12:24', '2023-01-28 08:12:24'),
(1092, '1542773', 7, 9, 1, '2023-01-28 08:13:25', '2023-01-28 08:13:25'),
(1093, '1542773', 7, 9, 1, '2023-01-28 08:14:24', '2023-01-28 08:14:24'),
(1094, '1542773', 7, 9, 1, '2023-01-28 08:15:25', '2023-01-28 08:15:25'),
(1095, '1542773', 7, 9, 1, '2023-01-28 08:16:25', '2023-01-28 08:16:25'),
(1096, '1542773', 7, 9, 1, '2023-01-28 08:17:25', '2023-01-28 08:17:25'),
(1097, '1542773', 7, 9, 1, '2023-01-28 08:18:25', '2023-01-28 08:18:25'),
(1098, '1542773', 7, 9, 1, '2023-01-28 08:19:25', '2023-01-28 08:19:25'),
(1099, '1542773', 7, 9, 1, '2023-01-28 08:20:25', '2023-01-28 08:20:25'),
(1100, '1542773', 7, 0, 1, '2023-01-28 08:21:25', '2023-01-28 08:21:25'),
(1101, '1542773', 7, 9, 1, '2023-01-28 08:22:25', '2023-01-28 08:22:25'),
(1102, '1542773', 7, 9, 1, '2023-01-28 08:23:25', '2023-01-28 08:23:25'),
(1103, '1542773', 7, 9, 1, '2023-01-28 08:24:25', '2023-01-28 08:24:25'),
(1104, '1542773', 7, 9, 1, '2023-01-28 08:25:25', '2023-01-28 08:25:25'),
(1105, '1542773', 7, 9, 1, '2023-01-28 08:26:25', '2023-01-28 08:26:25'),
(1106, '1542773', 7, 9, 1, '2023-01-28 08:27:25', '2023-01-28 08:27:25'),
(1107, '1542773', 7, 9, 1, '2023-01-28 08:28:25', '2023-01-28 08:28:25'),
(1108, '1542773', 7, 9, 1, '2023-01-28 08:29:25', '2023-01-28 08:29:25'),
(1109, '1542773', 7, 9, 1, '2023-01-28 08:30:25', '2023-01-28 08:30:25'),
(1110, '1542773', 7, 9, 1, '2023-01-28 08:31:25', '2023-01-28 08:31:25'),
(1111, '1542773', 7, 9, 1, '2023-01-28 08:32:25', '2023-01-28 08:32:25'),
(1112, '1542773', 7, 9, 1, '2023-01-28 08:33:25', '2023-01-28 08:33:25'),
(1113, '1542773', 7, 9, 1, '2023-01-28 08:34:25', '2023-01-28 08:34:25'),
(1114, '1542773', 7, 9, 1, '2023-01-28 08:35:25', '2023-01-28 08:35:25'),
(1115, '1542773', 7, 9, 1, '2023-01-28 08:36:25', '2023-01-28 08:36:25'),
(1116, '1542773', 7, 9, 1, '2023-01-28 08:37:25', '2023-01-28 08:37:25'),
(1117, '1542773', 7, 9, 1, '2023-01-28 08:38:25', '2023-01-28 08:38:25'),
(1118, '1542773', 7, 9, 1, '2023-01-28 08:39:25', '2023-01-28 08:39:25'),
(1119, '1542773', 7, 9, 1, '2023-01-28 08:40:25', '2023-01-28 08:40:25'),
(1120, '1542773', 7, 8, 1, '2023-01-28 08:41:25', '2023-01-28 08:41:25'),
(1121, '1542773', 7, 9, 1, '2023-01-28 08:42:25', '2023-01-28 08:42:25'),
(1122, '1542773', 7, 9, 1, '2023-01-28 08:43:25', '2023-01-28 08:43:25'),
(1123, '1542773', 7, 9, 1, '2023-01-28 08:44:25', '2023-01-28 08:44:25'),
(1124, '1542773', 7, 9, 1, '2023-01-28 08:45:25', '2023-01-28 08:45:25'),
(1125, '1542773', 7, 9, 1, '2023-01-28 08:46:25', '2023-01-28 08:46:25'),
(1126, '1542773', 7, 9, 1, '2023-01-28 08:47:25', '2023-01-28 08:47:25'),
(1127, '1542773', 7, 9, 1, '2023-01-28 08:48:25', '2023-01-28 08:48:25'),
(1128, '1542773', 7, 8, 1, '2023-01-28 08:49:25', '2023-01-28 08:49:25'),
(1129, '1542773', 7, 9, 1, '2023-01-28 08:50:25', '2023-01-28 08:50:25'),
(1130, '1542773', 7, 9, 1, '2023-01-28 08:51:25', '2023-01-28 08:51:25'),
(1131, '1542773', 7, 0, 1, '2023-01-28 08:52:25', '2023-01-28 08:52:25'),
(1132, '1542773', 7, 9, 1, '2023-01-28 08:53:25', '2023-01-28 08:53:25'),
(1133, '1542773', 7, 9, 1, '2023-01-28 08:54:25', '2023-01-28 08:54:25'),
(1134, '1542773', 7, 9, 1, '2023-01-28 08:55:25', '2023-01-28 08:55:25'),
(1135, '1542773', 7, 9, 1, '2023-01-28 08:56:25', '2023-01-28 08:56:25'),
(1136, '1542773', 7, 9, 1, '2023-01-28 08:57:25', '2023-01-28 08:57:25'),
(1137, '1542773', 7, 0, 1, '2023-01-28 08:58:25', '2023-01-28 08:58:25'),
(1138, '1542773', 7, 1, 1, '2023-01-28 08:59:25', '2023-01-28 08:59:25'),
(1139, '1542773', 7, 9, 1, '2023-01-28 09:00:25', '2023-01-28 09:00:25'),
(1140, '1542773', 7, 2, 1, '2023-01-28 09:01:25', '2023-01-28 09:01:25'),
(1141, '1542773', 7, 9, 1, '2023-01-28 09:02:25', '2023-01-28 09:02:25'),
(1142, '1542773', 7, 8, 1, '2023-01-28 09:03:25', '2023-01-28 09:03:25'),
(1143, '1542773', 7, 9, 1, '2023-01-28 09:04:25', '2023-01-28 09:04:25'),
(1144, '1542773', 7, 9, 1, '2023-01-28 09:05:25', '2023-01-28 09:05:25'),
(1145, '1542773', 7, 9, 1, '2023-01-28 09:06:25', '2023-01-28 09:06:25'),
(1146, '1542773', 7, 9, 1, '2023-01-28 09:07:25', '2023-01-28 09:07:25'),
(1147, '1542773', 7, 9, 1, '2023-01-28 09:08:25', '2023-01-28 09:08:25'),
(1148, '1542773', 7, 9, 1, '2023-01-28 09:09:25', '2023-01-28 09:09:25'),
(1149, '1542773', 7, 9, 1, '2023-01-28 09:10:25', '2023-01-28 09:10:25'),
(1150, '1542773', 7, 9, 1, '2023-01-28 09:11:25', '2023-01-28 09:11:25'),
(1151, '1542773', 7, 9, 1, '2023-01-28 09:12:25', '2023-01-28 09:12:25'),
(1152, '1542773', 7, 9, 1, '2023-01-28 09:13:25', '2023-01-28 09:13:25'),
(1153, '1542773', 7, 9, 1, '2023-01-28 09:14:25', '2023-01-28 09:14:25'),
(1154, '1542773', 7, 9, 1, '2023-01-28 09:15:25', '2023-01-28 09:15:25'),
(1155, '1542773', 7, 9, 1, '2023-01-28 09:16:25', '2023-01-28 09:16:25'),
(1156, '1542773', 7, 9, 1, '2023-01-28 09:17:25', '2023-01-28 09:17:25'),
(1157, '1542773', 7, 9, 1, '2023-01-28 09:18:25', '2023-01-28 09:18:25'),
(1158, '1542773', 7, 9, 1, '2023-01-28 09:19:25', '2023-01-28 09:19:25'),
(1159, '1542773', 7, 9, 1, '2023-01-28 09:20:25', '2023-01-28 09:20:25'),
(1160, '1542773', 7, 9, 1, '2023-01-28 09:21:25', '2023-01-28 09:21:25'),
(1161, '1542773', 7, 9, 1, '2023-01-28 09:22:25', '2023-01-28 09:22:25'),
(1162, '1542773', 7, 9, 1, '2023-01-28 09:23:25', '2023-01-28 09:23:25'),
(1163, '1542773', 7, 9, 1, '2023-01-28 09:24:25', '2023-01-28 09:24:25'),
(1164, '1542773', 7, 8, 1, '2023-01-28 09:25:25', '2023-01-28 09:25:25'),
(1165, '1542773', 7, 7, 1, '2023-01-28 09:26:25', '2023-01-28 09:26:25'),
(1166, '1542773', 7, 7, 1, '2023-01-28 09:27:25', '2023-01-28 09:27:25'),
(1167, '1542773', 7, 7, 1, '2023-01-28 09:28:25', '2023-01-28 09:28:25'),
(1168, '1542773', 7, 7, 1, '2023-01-28 09:29:25', '2023-01-28 09:29:25'),
(1169, '1542773', 7, 7, 1, '2023-01-28 09:30:25', '2023-01-28 09:30:25'),
(1170, '1542773', 7, 7, 1, '2023-01-28 09:31:25', '2023-01-28 09:31:25'),
(1171, '1542773', 7, 7, 1, '2023-01-28 09:32:25', '2023-01-28 09:32:25'),
(1172, '1542773', 8, 7, 1, '2023-01-28 09:33:25', '2023-01-28 09:33:25'),
(1173, '1542773', 7, 8, 1, '2023-01-28 09:34:25', '2023-01-28 09:34:25'),
(1174, '1542773', 7, 8, 1, '2023-01-28 09:35:25', '2023-01-28 09:35:25'),
(1175, '1542773', 7, 8, 1, '2023-01-28 09:36:25', '2023-01-28 09:36:25'),
(1176, '1542773', 7, 8, 1, '2023-01-28 09:37:25', '2023-01-28 09:37:25'),
(1177, '1542773', 7, 8, 1, '2023-01-28 09:38:25', '2023-01-28 09:38:25'),
(1178, '1542773', 7, 8, 1, '2023-01-28 09:39:25', '2023-01-28 09:39:25'),
(1179, '1542773', 7, 9, 1, '2023-01-28 09:40:25', '2023-01-28 09:40:25'),
(1180, '1542773', 7, 9, 1, '2023-01-28 09:41:25', '2023-01-28 09:41:25'),
(1181, '1542773', 7, 9, 1, '2023-01-28 09:42:25', '2023-01-28 09:42:25'),
(1182, '1542773', 7, 1, 1, '2023-01-28 09:43:25', '2023-01-28 09:43:25'),
(1183, '1542773', 7, 8, 1, '2023-01-28 09:44:25', '2023-01-28 09:44:25'),
(1184, '1542773', 7, 9, 1, '2023-01-28 09:45:25', '2023-01-28 09:45:25'),
(1185, '1542773', 7, 1, 1, '2023-01-28 09:46:25', '2023-01-28 09:46:25'),
(1186, '1542773', 7, 8, 1, '2023-01-28 09:47:25', '2023-01-28 09:47:25'),
(1187, '1542773', 7, 11, 1, '2023-01-28 09:48:25', '2023-01-28 09:48:25'),
(1188, '1542773', 8, 9, 1, '2023-01-28 09:49:25', '2023-01-28 09:49:25'),
(1189, '1542773', 8, 9, 1, '2023-01-28 09:50:25', '2023-01-28 09:50:25'),
(1190, '1542773', 8, 9, 1, '2023-01-28 09:51:25', '2023-01-28 09:51:25'),
(1191, '1542773', 8, 9, 1, '2023-01-28 09:52:25', '2023-01-28 09:52:25'),
(1192, '1542773', 8, 8, 1, '2023-01-28 09:53:25', '2023-01-28 09:53:25'),
(1193, '1542773', 8, 9, 1, '2023-01-28 09:54:25', '2023-01-28 09:54:25'),
(1194, '1542773', 8, 9, 1, '2023-01-28 09:55:25', '2023-01-28 09:55:25'),
(1195, '1542773', 8, 9, 1, '2023-01-28 09:56:25', '2023-01-28 09:56:25'),
(1196, '1542773', 8, 9, 1, '2023-01-28 09:57:25', '2023-01-28 09:57:25');

--
-- Индексы сохранённых таблиц
--

--
-- Индексы таблицы `dialogs`
--
ALTER TABLE `dialogs`
  ADD PRIMARY KEY (`id`),
  ADD KEY `dialogs_user_id_foreign` (`user_id`),
  ADD KEY `dialogs_reciver_id_foreign` (`reciver_id`);

--
-- Индексы таблицы `failed_jobs`
--
ALTER TABLE `failed_jobs`
  ADD PRIMARY KEY (`id`),
  ADD UNIQUE KEY `failed_jobs_uuid_unique` (`uuid`);

--
-- Индексы таблицы `files`
--
ALTER TABLE `files`
  ADD PRIMARY KEY (`id`),
  ADD KEY `files_folder_id_foreign` (`folder_id`);

--
-- Индексы таблицы `folders`
--
ALTER TABLE `folders`
  ADD PRIMARY KEY (`id`);

--
-- Индексы таблицы `messages`
--
ALTER TABLE `messages`
  ADD PRIMARY KEY (`id`),
  ADD KEY `messages_sender_id_foreign` (`sender_id`),
  ADD KEY `messages_reciver_id_foreign` (`reciver_id`);

--
-- Индексы таблицы `migrations`
--
ALTER TABLE `migrations`
  ADD PRIMARY KEY (`id`);

--
-- Индексы таблицы `password_resets`
--
ALTER TABLE `password_resets`
  ADD KEY `password_resets_email_index` (`email`);

--
-- Индексы таблицы `permissions`
--
ALTER TABLE `permissions`
  ADD PRIMARY KEY (`id`);

--
-- Индексы таблицы `personal_access_tokens`
--
ALTER TABLE `personal_access_tokens`
  ADD PRIMARY KEY (`id`),
  ADD UNIQUE KEY `personal_access_tokens_token_unique` (`token`),
  ADD KEY `personal_access_tokens_tokenable_type_tokenable_id_index` (`tokenable_type`,`tokenable_id`);

--
-- Индексы таблицы `roles`
--
ALTER TABLE `roles`
  ADD PRIMARY KEY (`id`);

--
-- Индексы таблицы `role_permissions`
--
ALTER TABLE `role_permissions`
  ADD PRIMARY KEY (`id`),
  ADD KEY `role_permissions_role_id_foreign` (`role_id`),
  ADD KEY `role_permissions_permission_id_foreign` (`permission_id`);

--
-- Индексы таблицы `tasks`
--
ALTER TABLE `tasks`
  ADD PRIMARY KEY (`id`);

--
-- Индексы таблицы `users`
--
ALTER TABLE `users`
  ADD PRIMARY KEY (`id`),
  ADD UNIQUE KEY `users_email_unique` (`email`),
  ADD KEY `users_role_id_foreign` (`role_id`);

--
-- Индексы таблицы `websockets_statistics_entries`
--
ALTER TABLE `websockets_statistics_entries`
  ADD PRIMARY KEY (`id`);

--
-- AUTO_INCREMENT для сохранённых таблиц
--

--
-- AUTO_INCREMENT для таблицы `dialogs`
--
ALTER TABLE `dialogs`
  MODIFY `id` bigint(20) UNSIGNED NOT NULL AUTO_INCREMENT, AUTO_INCREMENT=3;

--
-- AUTO_INCREMENT для таблицы `failed_jobs`
--
ALTER TABLE `failed_jobs`
  MODIFY `id` bigint(20) UNSIGNED NOT NULL AUTO_INCREMENT;

--
-- AUTO_INCREMENT для таблицы `files`
--
ALTER TABLE `files`
  MODIFY `id` bigint(20) UNSIGNED NOT NULL AUTO_INCREMENT, AUTO_INCREMENT=7;

--
-- AUTO_INCREMENT для таблицы `folders`
--
ALTER TABLE `folders`
  MODIFY `id` bigint(20) UNSIGNED NOT NULL AUTO_INCREMENT, AUTO_INCREMENT=5;

--
-- AUTO_INCREMENT для таблицы `messages`
--
ALTER TABLE `messages`
  MODIFY `id` bigint(20) UNSIGNED NOT NULL AUTO_INCREMENT, AUTO_INCREMENT=65;

--
-- AUTO_INCREMENT для таблицы `migrations`
--
ALTER TABLE `migrations`
  MODIFY `id` int(10) UNSIGNED NOT NULL AUTO_INCREMENT, AUTO_INCREMENT=52;

--
-- AUTO_INCREMENT для таблицы `permissions`
--
ALTER TABLE `permissions`
  MODIFY `id` bigint(20) UNSIGNED NOT NULL AUTO_INCREMENT, AUTO_INCREMENT=23;

--
-- AUTO_INCREMENT для таблицы `personal_access_tokens`
--
ALTER TABLE `personal_access_tokens`
  MODIFY `id` bigint(20) UNSIGNED NOT NULL AUTO_INCREMENT, AUTO_INCREMENT=81;

--
-- AUTO_INCREMENT для таблицы `roles`
--
ALTER TABLE `roles`
  MODIFY `id` bigint(20) UNSIGNED NOT NULL AUTO_INCREMENT, AUTO_INCREMENT=3;

--
-- AUTO_INCREMENT для таблицы `role_permissions`
--
ALTER TABLE `role_permissions`
  MODIFY `id` bigint(20) UNSIGNED NOT NULL AUTO_INCREMENT, AUTO_INCREMENT=6;

--
-- AUTO_INCREMENT для таблицы `tasks`
--
ALTER TABLE `tasks`
  MODIFY `id` bigint(20) UNSIGNED NOT NULL AUTO_INCREMENT, AUTO_INCREMENT=18;

--
-- AUTO_INCREMENT для таблицы `users`
--
ALTER TABLE `users`
  MODIFY `id` bigint(20) UNSIGNED NOT NULL AUTO_INCREMENT, AUTO_INCREMENT=7;

--
-- AUTO_INCREMENT для таблицы `websockets_statistics_entries`
--
ALTER TABLE `websockets_statistics_entries`
  MODIFY `id` int(10) UNSIGNED NOT NULL AUTO_INCREMENT, AUTO_INCREMENT=1197;

--
-- Ограничения внешнего ключа сохраненных таблиц
--

--
-- Ограничения внешнего ключа таблицы `dialogs`
--
ALTER TABLE `dialogs`
  ADD CONSTRAINT `dialogs_reciver_id_foreign` FOREIGN KEY (`reciver_id`) REFERENCES `users` (`id`),
  ADD CONSTRAINT `dialogs_user_id_foreign` FOREIGN KEY (`user_id`) REFERENCES `users` (`id`);

--
-- Ограничения внешнего ключа таблицы `files`
--
ALTER TABLE `files`
  ADD CONSTRAINT `files_folder_id_foreign` FOREIGN KEY (`folder_id`) REFERENCES `folders` (`id`) ON DELETE CASCADE ON UPDATE CASCADE;

--
-- Ограничения внешнего ключа таблицы `messages`
--
ALTER TABLE `messages`
  ADD CONSTRAINT `messages_reciver_id_foreign` FOREIGN KEY (`reciver_id`) REFERENCES `users` (`id`),
  ADD CONSTRAINT `messages_sender_id_foreign` FOREIGN KEY (`sender_id`) REFERENCES `users` (`id`);

--
-- Ограничения внешнего ключа таблицы `role_permissions`
--
ALTER TABLE `role_permissions`
  ADD CONSTRAINT `role_permissions_permission_id_foreign` FOREIGN KEY (`permission_id`) REFERENCES `permissions` (`id`) ON DELETE CASCADE ON UPDATE CASCADE,
  ADD CONSTRAINT `role_permissions_role_id_foreign` FOREIGN KEY (`role_id`) REFERENCES `roles` (`id`) ON DELETE CASCADE ON UPDATE CASCADE;

--
-- Ограничения внешнего ключа таблицы `users`
--
ALTER TABLE `users`
  ADD CONSTRAINT `users_role_id_foreign` FOREIGN KEY (`role_id`) REFERENCES `roles` (`id`) ON DELETE CASCADE ON UPDATE CASCADE;
COMMIT;

/*!40101 SET CHARACTER_SET_CLIENT=@OLD_CHARACTER_SET_CLIENT */;
/*!40101 SET CHARACTER_SET_RESULTS=@OLD_CHARACTER_SET_RESULTS */;
/*!40101 SET COLLATION_CONNECTION=@OLD_COLLATION_CONNECTION */;
